chem_id,DTXCID001098,DTXCID001098_units,pred_class,ACT,AUC,pval,DTXCID00941,DTXCID00941_units,DTXCID9014347,DTXCID9014347_units,DTXCID7019367,DTXCID7019367_units,DTXCID1012042,DTXCID1012042_units,DTXCID505686,DTXCID505686_units,DTXCID705948,DTXCID705948_units,DTXCID00315,DTXCID00315_units,DTXCID4012061,DTXCID4012061_units,DTXCID704311,DTXCID704311_units,DTXCID4014924,DTXCID4014924_units
role,target,,,,,,analog,,analog,,analog,,analog,,analog,,analog,,analog,,analog,,analog,,analog,
preferred name,Ozone,,,,,,Sodium nitrite,,Barium metaborate,,Trisodium arsenate,,Silver nitrate,,Monosodium methanearsonate,,Potassium dichromate,,Trichloronitromethane,,Sodium dichromate dihydrate,,Sodium fluoroacetate,,Sodium trichloroacetate,
dsstox_sid,DTXSID0021098,,,,,,DTXSID0020941,,DTXSID1034347,,DTXSID9039367,,DTXSID3032042,,DTXSID2025686,,DTXSID5025948,,DTXSID0020315,,DTXSID6032061,,DTXSID8024311,,DTXSID6034924,
dsstox_cid,DTXCID001098,,,,,,DTXCID00941,,DTXCID9014347,,DTXCID7019367,,DTXCID1012042,,DTXCID505686,,DTXCID705948,,DTXCID00315,,DTXCID4012061,,DTXCID704311,,DTXCID4014924,
similarity,1.00001,,,,,,0.1818181818,,0.1818181818,,0.1818181818,,0.1818181818,,0.1333333333,,0.1333333333,,0.1333333333,,0.125,,0.125,,0.125,
Mass g/mol,47.997,,,,,,68.995,,222.94,,207.887,,169.872,,161.951,,294.182,,164.37,,297.995,,100.024,,185.36,
Melting °C,,,,,,,,,,,,,,,,,,,-63.9305,,,,200.866,,97.6601,
Boiling °C,,,,,,,,,,,,,,,,,,,112.163,,,,167.948,,196.518,
log Kow ,,,,,,,,,,,,,,,,,,,2.08833,,,,-0.458042,,0.483961,
Vap. press. mmHg,,,,,,,,,,,,,,,,,,,24.0246,,,,14.3955,,0.0605751,
Water sol. mol/L,,,,,,,,,,,,,,,,,,,0.0180425,,,,11.9271,,0.419421,
Henry's Law atm-m3/mole,,,,,,,,,,,,,,,,,,,0.00206106,,,,1.24439e-08,,1.34786e-08,
Hydrogen Bond Donors ,,,,,,,,,,,,,,,,,,,,,,,,,,
Hydrogen Bond Acceptors ,,,,,,,,,,,,,,,,,,,,,,,,,,
CHR:[other],pos_effect,,Pos,1.0,0,1,no_data,,no_data,,12.5,mg/kg/day,no_data,,no_data,,no_data,,no_data,,no_data,,no_data,,no_data,
CHR:adrenal gland,no_effect,,Neg,0.177,0.0,0.825,no_effect,,no_data,,no_effect,,no_data,,32.9,mg/kg/day,no_data,,no_effect,,no_effect,,no_data,,no_data,
CHR:alanine aminotransferase (alt/sgpt),pos_effect,,Pos,1.0,0,1,no_data,,no_data,,no_data,,no_data,,no_data,,no_data,,no_data,,2.2,mg/kg/day,no_data,,no_data,
CHR:albumin,pos_effect,,Pos,1.0,0,1,no_data,,no_data,,no_data,,no_data,,93.1,mg/kg/day,no_data,,5.0,mg/kg/day,no_data,,no_data,,no_data,
CHR:appearance and color,no_effect,,Neg,0.0,0,1,no_effect,,no_data,,no_effect,,no_data,,no_effect,,no_data,,no_effect,,no_effect,,no_data,,no_data,
CHR:bile duct,pos_effect,,Pos,1.0,0,1,no_data,,no_data,,12.5,mg/kg/day,no_data,,no_data,,no_data,,no_data,,no_data,,no_data,,no_data,
CHR:body weight,pos_effect,,Pos,1.0,0,1,100.0,mg/kg/day,no_data,,1.6,mg/kg/day,no_data,,8.0,mg/kg/day,no_data,,0.025,mg/kg/day,9.0,mg/kg/day,no_data,,no_data,
CHR:bone,no_effect,,Neg,0.0,0,1,no_effect,,no_data,,no_data,,no_data,,no_data,,no_data,,no_data,,no_data,,no_data,,no_data,
CHR:bone marrow,no_effect,,Neg,0.0,0,1,no_effect,,no_data,,no_effect,,no_data,,no_effect,,no_data,,no_effect,,no_effect,,no_data,,no_data,
CHR:brain,no_effect,,Neg,0.177,0.0,0.795,no_effect,,no_data,,no_effect,,no_data,,2.0,mg/kg/day,no_data,,no_effect,,no_effect,,no_data,,no_data,
CHR:calcium,pos_effect,,Pos,1.0,0,1,no_data,,no_data,,no_data,,no_data,,93.1,mg/kg/day,no_data,,no_data,,no_data,,no_data,,no_data,
CHR:cholesterol,pos_effect,,Pos,1.0,0,1,no_data,,no_data,,no_data,,no_data,,93.1,mg/kg/day,no_data,,no_data,,no_data,,no_data,,no_data,
CHR:clinical signs,no_effect,,Neg,0.353,0.0,0.915,no_effect,,no_data,,no_effect,,no_data,,8.0,mg/kg/day,no_data,,1.0,mg/kg/day,no_effect,,no_data,,no_data,
CHR:clitoral gland,no_effect,,Neg,0.0,0,1,no_effect,,no_data,,no_data,,no_data,,no_data,,no_data,,no_data,,no_data,,no_data,,no_data,
CHR:ear,no_effect,,Neg,0.0,0,1,no_effect,,no_data,,no_effect,,no_data,,no_effect,,no_data,,no_effect,,no_effect,,no_data,,no_data,
CHR:epididymis,no_effect,,Neg,0.0,0,1,no_effect,,no_data,,no_effect,,no_data,,no_effect,,no_data,,no_effect,,no_effect,,no_data,,no_data,
CHR:erythrocyte (rbc) count differential,pos_effect,,Pos,0.535,0.0,0.84,100.0,mg/kg/day,no_data,,no_data,,no_data,,no_effect,,no_data,,no_effect,,6.0,mg/kg/day,no_data,,no_data,
CHR:esophagus,no_effect,,Neg,0.0,0,1,no_effect,,no_data,,no_effect,,no_data,,no_effect,,no_data,,no_effect,,no_effect,,no_data,,no_data,
CHR:estrous cycle,pos_effect,,Pos,1.0,0,1,no_data,,no_data,,no_data,,no_data,,2.0,mg/kg/day,no_data,,no_data,,no_data,,no_data,,no_data,
CHR:eye,no_effect,,Neg,0.0,0,1,no_effect,,no_data,,no_effect,,no_data,,no_effect,,no_data,,no_effect,,no_effect,,no_data,,no_data,
CHR:food consumption,no_effect,,Neg,0.417,0.0,0.9,100.0,mg/kg/day,no_data,,no_effect,,no_data,,8.0,mg/kg/day,no_data,,no_effect,,no_effect,,no_data,,no_data,
CHR:full gross necropsy,no_effect,,Neg,0.0,0,1,no_effect,,no_data,,no_effect,,no_data,,no_effect,,no_data,,no_effect,,no_effect,,no_data,,no_data,
CHR:gallbladder,no_effect,,Neg,0.0,0,1,no_effect,,no_data,,no_data,,no_data,,no_data,,no_data,,no_data,,no_data,,no_data,,no_data,
CHR:globulins,pos_effect,,Pos,1.0,0,1,no_data,,no_data,,no_data,,no_data,,no_data,,no_data,,5.0,mg/kg/day,no_data,,no_data,,no_data,
CHR:glucose,no_effect,,Neg,0.0,0,1,no_effect,,no_data,,no_effect,,no_data,,no_effect,,no_data,,no_effect,,no_effect,,no_data,,no_data,
CHR:harderian gland,no_effect,,Neg,0.0,0,1,no_effect,,no_data,,no_data,,no_data,,no_data,,no_data,,no_data,,no_data,,no_data,,no_data,
CHR:heart,no_effect,,Neg,0.177,0.0,0.78,no_effect,,no_data,,no_effect,,no_data,,35.0,mg/kg/day,no_data,,no_effect,,no_effect,,no_data,,no_data,
CHR:hematocrit (hct),pos_effect,,Pos,1.0,0,1,100.0,mg/kg/day,no_data,,no_data,,no_data,,no_data,,no_data,,no_data,,6.0,mg/kg/day,no_data,,no_data,
CHR:hemoglobin (hgb),pos_effect,,Pos,1.0,0,1,100.0,mg/kg/day,no_data,,no_data,,no_data,,no_data,,no_data,,no_data,,2.2,mg/kg/day,no_data,,no_data,
CHR:intestine large,no_effect,,Neg,0.177,0.0,0.835,no_effect,,no_data,,no_effect,,no_data,,46.4,mg/kg/day,no_data,,no_effect,,no_effect,,no_data,,no_data,
CHR:intestine small,no_effect,,Neg,0.165,0.0,0.81,no_effect,,no_data,,no_effect,,no_data,,no_effect,,no_data,,no_effect,,1.1,mg/kg/day,no_data,,no_data,
CHR:kidney,no_effect,,Neg,0.177,0.0,0.785,no_effect,,no_data,,no_effect,,no_data,,1.8,mg/kg/day,no_data,,no_effect,,no_effect,,no_data,,no_data,
CHR:larynx,no_effect,,Neg,0.0,0,1,no_effect,,no_data,,no_effect,,no_data,,no_effect,,no_data,,no_effect,,no_effect,,no_data,,no_data,
CHR:leukocyte (wbc) count differential,no_effect,,Neg,0.0,0,1,no_effect,,no_data,,no_data,,no_data,,no_effect,,no_data,,no_effect,,no_data,,no_data,,no_data,
CHR:liver,pos_effect,,Pos,0.519,0.0,0.905,no_effect,,no_data,,no_effect,,no_data,,2.0,mg/kg/day,no_data,,1.0,mg/kg/day,0.7,mg/kg/day,no_data,,no_data,
CHR:lung,no_effect,,Neg,0.177,0.0,0.805,no_effect,,no_data,,no_effect,,no_data,,no_effect,,no_data,,0.075,mg/kg/day,no_effect,,no_data,,no_data,
CHR:lymph node,no_effect,,Neg,0.406,0.0,0.875,100.0,mg/kg/day,no_data,,no_effect,,no_data,,no_effect,,no_data,,no_effect,,1.1,mg/kg/day,no_data,,no_data,
CHR:mammary gland,no_effect,,Neg,0.177,0.0,0.775,no_effect,,no_data,,no_effect,,no_data,,no_effect,,no_data,,10.0,mg/kg/day,no_effect,,no_data,,no_data,
CHR:mean corpuscular (cell) volume (mcv),pos_effect,,Pos,1.0,0,1,100.0,mg/kg/day,no_data,,no_data,,no_data,,no_data,,no_data,,no_data,,2.2,mg/kg/day,no_data,,no_data,
CHR:mean corpuscular hemoglobin (mch),pos_effect,,Pos,1.0,0,1,no_data,,no_data,,no_data,,no_data,,no_data,,no_data,,no_data,,2.2,mg/kg/day,no_data,,no_data,
CHR:mean corpuscular hemoglobin concentration (mchc),pos_effect,,Pos,1.0,0,1,no_data,,no_data,,no_data,,no_data,,no_data,,no_data,,no_data,,6.0,mg/kg/day,no_data,,no_data,
CHR:mortality,pos_effect,,Pos,0.594,0.0,0.91,no_effect,,no_data,,12.5,mg/kg/day,no_data,,3.2,mg/kg/day,no_data,,0.025,mg/kg/day,no_effect,,no_data,,no_data,
CHR:nerve,no_effect,,Neg,0.0,0,1,no_effect,,no_data,,no_effect,,no_data,,no_effect,,no_data,,no_effect,,no_effect,,no_data,,no_data,
CHR:nose,no_effect,,Neg,0.177,0.0,0.795,no_effect,,no_data,,no_effect,,no_data,,no_effect,,no_data,,0.05,mg/kg/day,no_effect,,no_data,,no_data,
CHR:nucleated red blood cell (nrbc),pos_effect,,Pos,1.0,0,1,no_data,,no_data,,no_data,,no_data,,no_data,,no_data,,no_data,,17.0,mg/kg/day,no_data,,no_data,
CHR:occult blood,no_effect,,Neg,0.0,0,1,no_effect,,no_data,,no_effect,,no_data,,no_effect,,no_data,,no_effect,,no_effect,,no_data,,no_data,
CHR:oral mucosa,pos_effect,,Pos,1.0,0,1,no_data,,no_data,,no_data,,no_data,,no_data,,no_data,,no_data,,7.0,mg/kg/day,no_data,,no_data,
CHR:ovary,no_effect,,Neg,0.0,0,1,no_effect,,no_data,,no_effect,,no_data,,no_effect,,no_data,,no_effect,,no_effect,,no_data,,no_data,
CHR:pancreas,no_effect,,Neg,0.165,0.0,0.815,no_effect,,no_data,,no_effect,,no_data,,no_effect,,no_data,,no_effect,,1.1,mg/kg/day,no_data,,no_data,
CHR:parathyroid gland,no_effect,,Neg,0.177,0.0,0.825,no_effect,,no_data,,no_effect,,no_data,,27.2,mg/kg/day,no_data,,no_effect,,no_effect,,no_data,,no_data,
CHR:peritoneum,pos_effect,,Pos,1.0,0,1,no_data,,no_data,,no_data,,no_data,,93.1,mg/kg/day,no_data,,no_data,,no_data,,no_data,,no_data,
CHR:ph,no_effect,,Neg,0.177,0.0,0.775,no_effect,,no_data,,no_effect,,no_data,,93.1,mg/kg/day,no_data,,no_effect,,no_effect,,no_data,,no_data,
CHR:pharynx,no_effect,,Neg,0.0,0,1,no_effect,,no_data,,no_effect,,no_data,,no_effect,,no_data,,no_effect,,no_effect,,no_data,,no_data,
CHR:pituitary gland,no_effect,,Neg,0.0,0,1,no_effect,,no_data,,no_effect,,no_data,,no_effect,,no_data,,no_effect,,no_effect,,no_data,,no_data,
CHR:preputial gland,no_effect,,Neg,0.0,0,1,no_effect,,no_data,,no_data,,no_data,,no_data,,no_data,,no_data,,no_data,,no_data,,no_data,
CHR:prostate,no_effect,,Neg,0.0,0,1,no_effect,,no_data,,no_effect,,no_data,,no_effect,,no_data,,no_effect,,no_effect,,no_data,,no_data,
CHR:protein,no_effect,,Neg,0.353,0.0,0.905,no_effect,,no_data,,no_effect,,no_data,,93.1,mg/kg/day,no_data,,1.0,mg/kg/day,no_effect,,no_data,,no_data,
CHR:reticulocyte,pos_effect,,Pos,1.0,0,1,no_data,,no_data,,no_data,,no_data,,no_data,,no_data,,no_data,,17.0,mg/kg/day,no_data,,no_data,
CHR:salivary glands,no_effect,,Neg,0.165,0.0,0.785,no_effect,,no_data,,no_effect,,no_data,,no_effect,,no_data,,no_effect,,7.0,mg/kg/day,no_data,,no_data,
CHR:seminal vesicle,no_effect,,Neg,0.0,0,1,no_effect,,no_data,,no_effect,,no_data,,no_effect,,no_data,,no_effect,,no_effect,,no_data,,no_data,
CHR:skeletal muscle,no_effect,,Neg,0.0,0,1,no_effect,,no_data,,no_data,,no_data,,no_data,,no_data,,no_data,,no_data,,no_data,,no_data,
CHR:skin,no_effect,,Neg,0.177,0.0,0.81,no_effect,,no_data,,no_effect,,no_data,,no_effect,,no_data,,1.0,mg/kg/day,no_effect,,no_data,,no_data,
CHR:specific gravity/osmolality,no_effect,,Neg,0.177,0.0,0.795,no_effect,,no_data,,no_effect,,no_data,,8.0,mg/kg/day,no_data,,no_effect,,no_effect,,no_data,,no_data,
CHR:spinal cord,no_effect,,Neg,0.0,0,1,no_effect,,no_data,,no_effect,,no_data,,no_effect,,no_data,,no_effect,,no_effect,,no_data,,no_data,
CHR:spleen,no_effect,,Neg,0.177,0.0,0.835,no_effect,,no_data,,no_effect,,no_data,,46.4,mg/kg/day,no_data,,no_effect,,no_effect,,no_data,,no_data,
CHR:stomach,no_effect,,Neg,0.417,0.0,0.93,130.0,mg/kg/day,no_data,,no_effect,,no_data,,no_effect,,no_data,,10.0,mg/kg/day,no_effect,,no_data,,no_data,
CHR:testes,no_effect,,Neg,0.0,0,1,no_effect,,no_data,,no_effect,,no_data,,no_effect,,no_data,,no_effect,,no_effect,,no_data,,no_data,
CHR:thymus,no_effect,,Neg,0.0,0,1,no_effect,,no_data,,no_data,,no_data,,no_data,,no_data,,no_data,,no_data,,no_data,,no_data,
CHR:thyroid gland,no_effect,,Neg,0.353,0.0,0.885,no_effect,,no_data,,no_effect,,no_data,,27.2,mg/kg/day,no_data,,10.0,mg/kg/day,no_effect,,no_data,,no_data,
CHR:thyroxine (t4),pos_effect,,Pos,1.0,0,1,no_data,,no_data,,no_data,,no_data,,93.1,mg/kg/day,no_data,,no_data,,no_data,,no_data,,no_data,
CHR:tongue,no_effect,,Neg,0.0,0,1,no_effect,,no_data,,no_data,,no_data,,no_data,,no_data,,no_data,,no_data,,no_data,,no_data,
CHR:trachea,no_effect,,Neg,0.0,0,1,no_effect,,no_data,,no_effect,,no_data,,no_effect,,no_data,,no_effect,,no_effect,,no_data,,no_data,
CHR:triiodothyronine (t3),pos_effect,,Pos,1.0,0,1,no_data,,no_data,,no_data,,no_data,,93.1,mg/kg/day,no_data,,no_data,,no_data,,no_data,,no_data,
CHR:urinary bladder,no_effect,,Neg,0.0,0,1,no_effect,,no_data,,no_effect,,no_data,,no_effect,,no_data,,no_effect,,no_effect,,no_data,,no_data,
CHR:uterus,no_effect,,Neg,0.0,0,1,no_effect,,no_data,,no_effect,,no_data,,no_effect,,no_data,,no_effect,,no_effect,,no_data,,no_data,
CHR:vagina,no_effect,,Neg,0.0,0,1,no_effect,,no_data,,no_data,,no_data,,no_data,,no_data,,no_data,,no_data,,no_data,,no_data,
CHR:volume,no_effect,,Neg,0.177,0.0,0.78,no_effect,,no_data,,no_effect,,no_data,,32.9,mg/kg/day,no_data,,no_effect,,no_effect,,no_data,,no_data,
CHR:water consumption,pos_effect,,Pos,1.0,0,1,35.0,mg/kg/day,no_data,,no_data,,no_data,,27.2,mg/kg/day,no_data,,no_data,,6.0,mg/kg/day,no_data,,no_data,
DEV:[other],pos_effect,,Pos,1.0,0,1,320.0,mg/kg/day,no_data,,no_data,,no_data,,no_data,,no_data,,no_data,,no_data,,no_data,,no_data,
DEV:aborted,no_effect,,Neg,0.423,0.0,0.81,no_effect,,no_effect,,no_data,,no_data,,12.0,mg/kg/day,no_data,,1.2,ppm,no_data,,no_data,,no_data,
DEV:all gross anomalies,no_effect,,Neg,0.0,0,1,no_effect,,no_effect,,no_data,,no_data,,no_effect,,no_data,,no_effect,,no_data,,no_data,,no_data,
DEV:anisocytosis,pos_effect,,Pos,1.0,0,1,320.0,mg/kg/day,no_data,,no_data,,no_data,,no_data,,no_data,,no_data,,no_data,,no_data,,no_data,
DEV:birth index,no_effect,,Neg,0.0,0,1,no_effect,,no_effect,,no_data,,no_data,,no_effect,,no_data,,no_effect,,no_data,,no_data,,no_data,
DEV:body weight,pos_effect,,Pos,1.0,0,1,100.1,mg/kg/day,125.0,mg/kg/day,no_data,,no_data,,12.0,mg/kg/day,no_data,,1.2,ppm,no_data,,no_data,,no_data,
DEV:bone,no_effect,,Neg,0.212,0.0,0.765,no_effect,,no_effect,,no_data,,no_data,,12.0,mg/kg/day,no_data,,no_effect,,no_data,,no_data,,no_data,
DEV:clinical signs,pos_effect,,Pos,1.0,0,1,320.0,mg/kg/day,20.0,mg/kg/day,no_data,,no_data,,7.0,mg/kg/day,no_data,,1.2,ppm,no_data,,no_data,,no_data,
DEV:corpora lutea,no_effect,,Neg,0.0,0,1,no_effect,,no_effect,,no_data,,no_data,,no_effect,,no_data,,no_effect,,no_data,,no_data,,no_data,
DEV:dead fetuses,no_effect,,Neg,0.0,0,1,no_effect,,no_effect,,no_data,,no_data,,no_effect,,no_data,,no_effect,,no_data,,no_data,,no_data,
DEV:dystocia,no_effect,,Neg,0.0,0,1,no_effect,,no_effect,,no_data,,no_data,,no_effect,,no_data,,no_effect,,no_data,,no_data,,no_data,
DEV:erythrocyte (rbc) count differential,pos_effect,,Pos,1.0,0,1,100.1,mg/kg/day,no_data,,no_data,,no_data,,no_data,,no_data,,no_data,,no_data,,no_data,,no_data,
DEV:food consumption,pos_effect,,Pos,0.712,0.0,0.745,no_effect,,90.0,mg/kg/day,no_data,,no_data,,7.0,mg/kg/day,no_data,,1.2,ppm,no_data,,no_data,,no_data,
DEV:full gross necropsy,no_effect,,Neg,0.0,0,1,no_effect,,no_effect,,no_data,,no_data,,no_effect,,no_data,,no_effect,,no_data,,no_data,,no_data,
DEV:gestation index,no_effect,,Neg,0.0,0,1,no_effect,,no_effect,,no_data,,no_data,,no_effect,,no_data,,no_effect,,no_data,,no_data,,no_data,
DEV:hemoglobin (hgb),pos_effect,,Pos,1.0,0,1,50.05,mg/kg/day,no_data,,no_data,,no_data,,no_data,,no_data,,no_data,,no_data,,no_data,,no_data,
DEV:hypochromia,pos_effect,,Pos,1.0,0,1,320.0,mg/kg/day,no_data,,no_data,,no_data,,no_data,,no_data,,no_data,,no_data,,no_data,,no_data,
DEV:implantations,no_effect,,Neg,0.0,0,1,no_effect,,no_effect,,no_data,,no_data,,no_effect,,no_data,,no_effect,,no_data,,no_data,,no_data,
DEV:kidney,pos_effect,,Pos,1.0,0,1,no_data,,90.0,mg/kg/day,no_data,,no_data,,no_data,,no_data,,no_data,,no_data,,no_data,,no_data,
"DEV:lipids, total",pos_effect,,Pos,1.0,0,1,320.0,mg/kg/day,no_data,,no_data,,no_data,,no_data,,no_data,,no_data,,no_data,,no_data,,no_data,
DEV:litter size,no_effect,,Neg,0.0,0,1,no_effect,,no_effect,,no_data,,no_data,,no_effect,,no_data,,no_effect,,no_data,,no_data,,no_data,
DEV:litter viability other,no_effect,,Neg,0.0,0,1,no_effect,,no_effect,,no_data,,no_data,,no_effect,,no_data,,no_effect,,no_data,,no_data,,no_data,
DEV:live fetuses,no_effect,,Neg,0.0,0,1,no_effect,,no_effect,,no_data,,no_data,,no_effect,,no_data,,no_effect,,no_data,,no_data,,no_data,
DEV:liver,pos_effect,,Pos,1.0,0,1,320.0,mg/kg/day,no_data,,no_data,,no_data,,no_data,,no_data,,no_data,,no_data,,no_data,,no_data,
DEV:lung,pos_effect,,Pos,1.0,0,1,no_data,,90.0,mg/kg/day,no_data,,no_data,,no_data,,no_data,,2.0,ppm,no_data,,no_data,,no_data,
DEV:mean corpuscular (cell) volume (mcv),pos_effect,,Pos,1.0,0,1,25.05,mg/kg/day,no_data,,no_data,,no_data,,no_data,,no_data,,no_data,,no_data,,no_data,,no_data,
DEV:mortality,pos_effect,,Pos,0.5,0.0,0.845,no_effect,,20.0,mg/kg/day,no_data,,no_data,,no_effect,,no_data,,1.2,ppm,no_data,,no_data,,no_data,
DEV:offspring survival early other,no_effect,,Neg,0.0,0,1,no_effect,,no_effect,,no_data,,no_data,,no_effect,,no_data,,no_effect,,no_data,,no_data,,no_data,
DEV:other,no_effect,,Neg,0.0,0,1,no_effect,,no_effect,,no_data,,no_data,,no_effect,,no_data,,no_effect,,no_data,,no_data,,no_data,
DEV:postimplantation loss,no_effect,,Neg,0.0,0,1,no_effect,,no_effect,,no_data,,no_data,,no_effect,,no_data,,no_effect,,no_data,,no_data,,no_data,
DEV:pregnancy,no_effect,,Neg,0.0,0,1,no_effect,,no_effect,,no_data,,no_data,,no_effect,,no_data,,no_effect,,no_data,,no_data,,no_data,
DEV:preimplantation loss,no_effect,,Neg,0.0,0,1,no_effect,,no_effect,,no_data,,no_data,,no_effect,,no_data,,no_effect,,no_data,,no_data,,no_data,
DEV:premature delivery,no_effect,,Neg,0.0,0,1,no_effect,,no_effect,,no_data,,no_data,,no_effect,,no_data,,no_effect,,no_data,,no_data,,no_data,
DEV:reproductive performance other,no_effect,,Neg,0.0,0,1,no_effect,,no_effect,,no_data,,no_data,,no_effect,,no_data,,no_effect,,no_data,,no_data,,no_data,
DEV:resorptions,no_effect,,Neg,0.0,0,1,no_effect,,no_effect,,no_data,,no_data,,no_effect,,no_data,,no_effect,,no_data,,no_data,,no_data,
DEV:sex ratio,no_effect,,Neg,0.0,0,1,no_effect,,no_effect,,no_data,,no_data,,no_effect,,no_data,,no_effect,,no_data,,no_data,,no_data,
DEV:spinal cord,no_effect,,Neg,0.0,0,1,no_effect,,no_effect,,no_data,,no_data,,no_effect,,no_data,,no_effect,,no_data,,no_data,,no_data,
DEV:thymus,pos_effect,,Pos,1.0,0,1,no_data,,90.0,mg/kg/day,no_data,,no_data,,no_data,,no_data,,no_data,,no_data,,no_data,,no_data,
DEV:trunk,no_effect,,Neg,0.0,0,1,no_effect,,no_effect,,no_data,,no_data,,no_effect,,no_data,,no_effect,,no_data,,no_data,,no_data,
DEV:uterus,no_effect,,Neg,0.212,0.0,0.795,no_effect,,no_effect,,no_data,,no_data,,no_effect,,no_data,,2.0,ppm,no_data,,no_data,,no_data,
DEV:water consumption,pos_effect,,Pos,1.0,0,1,100.1,mg/kg/day,no_data,,no_data,,no_data,,no_data,,no_data,,no_data,,no_data,,no_data,,no_data,
MGR:[other],pos_effect,,Pos,0.5,0.0,0.465,no_data,,no_data,,no_data,,no_data,,17.2,mg/kg/day,no_effect,,no_data,,no_data,,no_data,,no_data,
MGR:aborted,no_effect,,Neg,0.0,0,1,no_data,,no_data,,no_data,,no_data,,no_effect,,no_effect,,no_data,,no_data,,no_data,,no_data,
MGR:adrenal gland,no_effect,,Neg,0.0,0,1,no_data,,no_data,,no_data,,no_data,,no_effect,,no_effect,,no_data,,no_data,,no_data,,no_data,
MGR:all gross anomalies,no_effect,,Neg,0.0,0,1,no_data,,no_data,,no_data,,no_data,,no_effect,,no_effect,,no_data,,no_data,,no_data,,no_data,
MGR:birth index,no_effect,,Neg,0.0,0,1,no_data,,no_data,,no_data,,no_data,,no_effect,,no_effect,,no_data,,no_data,,no_data,,no_data,
MGR:body weight,pos_effect,,Pos,1.0,0,1,no_data,,no_data,,no_data,,no_data,,17.2,mg/kg/day,85.7,mg/kg/day,no_data,,no_data,,no_data,,no_data,
MGR:brain,no_effect,,Neg,0.0,0,1,no_data,,no_data,,no_data,,no_data,,no_data,,no_effect,,no_data,,no_data,,no_data,,no_data,
MGR:cervix,no_effect,,Neg,0.0,0,1,no_data,,no_data,,no_data,,no_data,,no_data,,no_effect,,no_data,,no_data,,no_data,,no_data,
MGR:clinical signs,no_effect,,Neg,0.0,0,1,no_data,,no_data,,no_data,,no_data,,no_effect,,no_effect,,no_data,,no_data,,no_data,,no_data,
MGR:coagulating gland,no_effect,,Neg,0.0,0,1,no_data,,no_data,,no_data,,no_data,,no_data,,no_effect,,no_data,,no_data,,no_data,,no_data,
MGR:corpora lutea,no_effect,,Neg,0.0,0,1,no_data,,no_data,,no_data,,no_data,,no_effect,,no_effect,,no_data,,no_data,,no_data,,no_data,
MGR:dead fetuses,no_effect,,Neg,0.0,0,1,no_data,,no_data,,no_data,,no_data,,no_effect,,no_effect,,no_data,,no_data,,no_data,,no_data,
MGR:dystocia,no_effect,,Neg,0.0,0,1,no_data,,no_data,,no_data,,no_data,,no_effect,,no_effect,,no_data,,no_data,,no_data,,no_data,
MGR:epididymis,no_effect,,Neg,0.0,0,1,no_data,,no_data,,no_data,,no_data,,no_effect,,no_effect,,no_data,,no_data,,no_data,,no_data,
MGR:estrous cycle,no_effect,,Neg,0.0,0,1,no_data,,no_data,,no_data,,no_data,,no_data,,no_effect,,no_data,,no_data,,no_data,,no_data,
MGR:fertility,pos_effect,,Pos,0.5,0.0,0.495,no_data,,no_data,,no_data,,no_data,,22.5,mg/kg/day,no_effect,,no_data,,no_data,,no_data,,no_data,
MGR:food consumption,pos_effect,,Pos,1.0,0,1,no_data,,no_data,,no_data,,no_data,,17.2,mg/kg/day,22.4,mg/kg/day,no_data,,no_data,,no_data,,no_data,
MGR:gestation index,no_effect,,Neg,0.0,0,1,no_data,,no_data,,no_data,,no_data,,no_effect,,no_effect,,no_data,,no_data,,no_data,,no_data,
MGR:gestational length,no_effect,,Neg,0.0,0,1,no_data,,no_data,,no_data,,no_data,,no_effect,,no_effect,,no_data,,no_data,,no_data,,no_data,
MGR:implantations,no_effect,,Neg,0.0,0,1,no_data,,no_data,,no_data,,no_data,,no_effect,,no_effect,,no_data,,no_data,,no_data,,no_data,
MGR:kidney,no_effect,,Neg,0.0,0,1,no_data,,no_data,,no_data,,no_data,,no_data,,no_effect,,no_data,,no_data,,no_data,,no_data,
MGR:lactation index,pos_effect,,Pos,0.5,0.0,0.505,no_data,,no_data,,no_data,,no_data,,17.2,mg/kg/day,no_effect,,no_data,,no_data,,no_data,,no_data,
MGR:litter size,no_effect,,Neg,0.0,0,1,no_data,,no_data,,no_data,,no_data,,no_effect,,no_effect,,no_data,,no_data,,no_data,,no_data,
MGR:litter viability other,pos_effect,,Pos,0.5,0.0,0.495,no_data,,no_data,,no_data,,no_data,,17.2,mg/kg/day,no_effect,,no_data,,no_data,,no_data,,no_data,
MGR:live fetuses,no_effect,,Neg,0.0,0,1,no_data,,no_data,,no_data,,no_data,,no_effect,,no_effect,,no_data,,no_data,,no_data,,no_data,
MGR:liver,pos_effect,,Pos,1.0,0,1,no_data,,no_data,,no_data,,no_data,,no_data,,85.7,mg/kg/day,no_data,,no_data,,no_data,,no_data,
MGR:mating,pos_effect,,Pos,0.5,0.0,0.48,no_data,,no_data,,no_data,,no_data,,17.2,mg/kg/day,no_effect,,no_data,,no_data,,no_data,,no_data,
MGR:mean corpuscular (cell) volume (mcv),pos_effect,,Pos,1.0,0,1,no_data,,no_data,,no_data,,no_data,,no_data,,22.4,mg/kg/day,no_data,,no_data,,no_data,,no_data,
MGR:mean corpuscular hemoglobin (mch),pos_effect,,Pos,1.0,0,1,no_data,,no_data,,no_data,,no_data,,no_data,,104.9,mg/kg/day,no_data,,no_data,,no_data,,no_data,
MGR:mortality,no_effect,,Neg,0.0,0,1,no_data,,no_data,,no_data,,no_data,,no_effect,,no_effect,,no_data,,no_data,,no_data,,no_data,
MGR:nipple development,no_effect,,Neg,0.0,0,1,no_data,,no_data,,no_data,,no_data,,no_data,,no_effect,,no_data,,no_data,,no_data,,no_data,
MGR:offspring survival early other,no_effect,,Neg,0.0,0,1,no_data,,no_data,,no_data,,no_data,,no_effect,,no_effect,,no_data,,no_data,,no_data,,no_data,
MGR:ovary,no_effect,,Neg,0.0,0,1,no_data,,no_data,,no_data,,no_data,,no_effect,,no_effect,,no_data,,no_data,,no_data,,no_data,
MGR:oviduct,no_effect,,Neg,0.0,0,1,no_data,,no_data,,no_data,,no_data,,no_data,,no_effect,,no_data,,no_data,,no_data,,no_data,
MGR:pituitary gland,no_effect,,Neg,0.0,0,1,no_data,,no_data,,no_data,,no_data,,no_effect,,no_effect,,no_data,,no_data,,no_data,,no_data,
MGR:postimplantation loss,no_effect,,Neg,0.0,0,1,no_data,,no_data,,no_data,,no_data,,no_effect,,no_effect,,no_data,,no_data,,no_data,,no_data,
MGR:precoital interval,no_effect,,Neg,0.0,0,1,no_data,,no_data,,no_data,,no_data,,no_effect,,no_effect,,no_data,,no_data,,no_data,,no_data,
MGR:pregnancy,no_effect,,Neg,0.0,0,1,no_data,,no_data,,no_data,,no_data,,no_effect,,no_effect,,no_data,,no_data,,no_data,,no_data,
MGR:pregnancy index,no_effect,,Neg,0.0,0,1,no_data,,no_data,,no_data,,no_data,,no_effect,,no_effect,,no_data,,no_data,,no_data,,no_data,
MGR:preimplantation loss,no_effect,,Neg,0.0,0,1,no_data,,no_data,,no_data,,no_data,,no_effect,,no_effect,,no_data,,no_data,,no_data,,no_data,
MGR:premature delivery,no_effect,,Neg,0.0,0,1,no_data,,no_data,,no_data,,no_data,,no_effect,,no_effect,,no_data,,no_data,,no_data,,no_data,
MGR:preputial separation,no_effect,,Neg,0.0,0,1,no_data,,no_data,,no_data,,no_data,,no_data,,no_effect,,no_data,,no_data,,no_data,,no_data,
MGR:prostate,pos_effect,,Pos,0.5,0.0,0.54,no_data,,no_data,,no_data,,no_data,,61.4,mg/kg/day,no_effect,,no_data,,no_data,,no_data,,no_data,
MGR:reproductive performance other,no_effect,,Neg,0.0,0,1,no_data,,no_data,,no_data,,no_data,,no_effect,,no_effect,,no_data,,no_data,,no_data,,no_data,
MGR:resorptions,no_effect,,Neg,0.0,0,1,no_data,,no_data,,no_data,,no_data,,no_effect,,no_effect,,no_data,,no_data,,no_data,,no_data,
MGR:seminal vesicle,no_effect,,Neg,0.0,0,1,no_data,,no_data,,no_data,,no_data,,no_effect,,no_effect,,no_data,,no_data,,no_data,,no_data,
MGR:sex ratio,no_effect,,Neg,0.0,0,1,no_data,,no_data,,no_data,,no_data,,no_effect,,no_effect,,no_data,,no_data,,no_data,,no_data,
MGR:sperm measure,no_effect,,Neg,0.0,0,1,no_data,,no_data,,no_data,,no_data,,no_data,,no_effect,,no_data,,no_data,,no_data,,no_data,
MGR:spleen,no_effect,,Neg,0.0,0,1,no_data,,no_data,,no_data,,no_data,,no_data,,no_effect,,no_data,,no_data,,no_data,,no_data,
MGR:testes,pos_effect,,Pos,0.5,0.0,0.575,no_data,,no_data,,no_data,,no_data,,61.4,mg/kg/day,no_effect,,no_data,,no_data,,no_data,,no_data,
MGR:thymus,no_effect,,Neg,0.0,0,1,no_data,,no_data,,no_data,,no_data,,no_data,,no_effect,,no_data,,no_data,,no_data,,no_data,
MGR:uterus,no_effect,,Neg,0.0,0,1,no_data,,no_data,,no_data,,no_data,,no_effect,,no_effect,,no_data,,no_data,,no_data,,no_data,
MGR:vagina,no_effect,,Neg,0.0,0,1,no_data,,no_data,,no_data,,no_data,,no_effect,,no_effect,,no_data,,no_data,,no_data,,no_data,
MGR:vaginal opening,no_effect,,Neg,0.0,0,1,no_data,,no_data,,no_data,,no_data,,no_data,,no_effect,,no_data,,no_data,,no_data,,no_data,
MGR:viability index,no_effect,,Neg,0.0,0,1,no_data,,no_data,,no_data,,no_data,,no_effect,,no_effect,,no_data,,no_data,,no_data,,no_data,
SAC:adrenal gland,no_effect,,Neg,0.0,0,1,no_data,,no_effect,,no_data,,no_data,,no_data,,no_data,,no_data,,no_data,,no_data,,no_data,
SAC:albumin,no_effect,,Neg,0.0,0,1,no_data,,no_effect,,no_data,,no_data,,no_data,,no_data,,no_data,,no_data,,no_data,,no_data,
SAC:blood clotting,no_effect,,Neg,0.0,0,1,no_data,,no_effect,,no_data,,no_data,,no_data,,no_data,,no_data,,no_data,,no_data,,no_data,
SAC:body weight,pos_effect,,Pos,1.0,0,1,no_data,,881.0,mg/kg/day,no_data,,no_data,,no_data,,no_data,,no_data,,no_data,,no_data,,no_data,
SAC:bone marrow,no_effect,,Neg,0.0,0,1,no_data,,no_effect,,no_data,,no_data,,no_data,,no_data,,no_data,,no_data,,no_data,,no_data,
SAC:brain,pos_effect,,Pos,1.0,0,1,no_data,,881.0,mg/kg/day,no_data,,no_data,,no_data,,no_data,,no_data,,no_data,,no_data,,no_data,
SAC:cholesterol,pos_effect,,Pos,1.0,0,1,no_data,,881.0,mg/kg/day,no_data,,no_data,,no_data,,no_data,,no_data,,no_data,,no_data,,no_data,
SAC:clinical signs,pos_effect,,Pos,1.0,0,1,no_data,,1149.0,mg/kg/day,no_data,,no_data,,no_data,,no_data,,no_data,,no_data,,no_data,,no_data,
SAC:creatinine,no_effect,,Neg,0.0,0,1,no_data,,no_effect,,no_data,,no_data,,no_data,,no_data,,no_data,,no_data,,no_data,,no_data,
SAC:epididymis,no_effect,,Neg,0.0,0,1,no_data,,no_effect,,no_data,,no_data,,no_data,,no_data,,no_data,,no_data,,no_data,,no_data,
SAC:erythrocyte (rbc) count differential,pos_effect,,Pos,1.0,0,1,no_data,,1149.0,mg/kg/day,no_data,,no_data,,no_data,,no_data,,no_data,,no_data,,no_data,,no_data,
SAC:eye,no_effect,,Neg,0.0,0,1,no_data,,no_effect,,no_data,,no_data,,no_data,,no_data,,no_data,,no_data,,no_data,,no_data,
SAC:food consumption,pos_effect,,Pos,1.0,0,1,no_data,,881.0,mg/kg/day,no_data,,no_data,,no_data,,no_data,,no_data,,no_data,,no_data,,no_data,
SAC:full gross necropsy,no_effect,,Neg,0.0,0,1,no_data,,no_effect,,no_data,,no_data,,no_data,,no_data,,no_data,,no_data,,no_data,,no_data,
SAC:general,no_effect,,Neg,0.0,0,1,no_data,,no_effect,,no_data,,no_data,,no_data,,no_data,,no_data,,no_data,,no_data,,no_data,
SAC:globulins,pos_effect,,Pos,1.0,0,1,no_data,,1149.0,mg/kg/day,no_data,,no_data,,no_data,,no_data,,no_data,,no_data,,no_data,,no_data,
SAC:glucose,no_effect,,Neg,0.0,0,1,no_data,,no_effect,,no_data,,no_data,,no_data,,no_data,,no_data,,no_data,,no_data,,no_data,
SAC:heart,no_effect,,Neg,0.0,0,1,no_data,,no_effect,,no_data,,no_data,,no_data,,no_data,,no_data,,no_data,,no_data,,no_data,
SAC:hematocrit (hct),pos_effect,,Pos,1.0,0,1,no_data,,1149.0,mg/kg/day,no_data,,no_data,,no_data,,no_data,,no_data,,no_data,,no_data,,no_data,
SAC:hemoglobin (hgb),pos_effect,,Pos,1.0,0,1,no_data,,1149.0,mg/kg/day,no_data,,no_data,,no_data,,no_data,,no_data,,no_data,,no_data,,no_data,
SAC:intestine large,no_effect,,Neg,0.0,0,1,no_data,,no_effect,,no_data,,no_data,,no_data,,no_data,,no_data,,no_data,,no_data,,no_data,
SAC:intestine small,no_effect,,Neg,0.0,0,1,no_data,,no_effect,,no_data,,no_data,,no_data,,no_data,,no_data,,no_data,,no_data,,no_data,
SAC:kidney,pos_effect,,Pos,1.0,0,1,no_data,,881.0,mg/kg/day,no_data,,no_data,,no_data,,no_data,,no_data,,no_data,,no_data,,no_data,
SAC:leukocyte (wbc) count differential,pos_effect,,Pos,1.0,0,1,no_data,,881.0,mg/kg/day,no_data,,no_data,,no_data,,no_data,,no_data,,no_data,,no_data,,no_data,
SAC:liver,pos_effect,,Pos,1.0,0,1,no_data,,881.0,mg/kg/day,no_data,,no_data,,no_data,,no_data,,no_data,,no_data,,no_data,,no_data,
SAC:lung,no_effect,,Neg,0.0,0,1,no_data,,no_effect,,no_data,,no_data,,no_data,,no_data,,no_data,,no_data,,no_data,,no_data,
SAC:lymph node,no_effect,,Neg,0.0,0,1,no_data,,no_effect,,no_data,,no_data,,no_data,,no_data,,no_data,,no_data,,no_data,,no_data,
SAC:lymphocyte,pos_effect,,Pos,1.0,0,1,no_data,,881.0,mg/kg/day,no_data,,no_data,,no_data,,no_data,,no_data,,no_data,,no_data,,no_data,
SAC:mean corpuscular (cell) volume (mcv),pos_effect,,Pos,1.0,0,1,no_data,,881.0,mg/kg/day,no_data,,no_data,,no_data,,no_data,,no_data,,no_data,,no_data,,no_data,
SAC:mean corpuscular hemoglobin (mch),pos_effect,,Pos,1.0,0,1,no_data,,881.0,mg/kg/day,no_data,,no_data,,no_data,,no_data,,no_data,,no_data,,no_data,,no_data,
SAC:mortality,no_effect,,Neg,0.0,0,1,no_data,,no_effect,,no_data,,no_data,,no_data,,no_data,,no_data,,no_data,,no_data,,no_data,
SAC:nerve,no_effect,,Neg,0.0,0,1,no_data,,no_effect,,no_data,,no_data,,no_data,,no_data,,no_data,,no_data,,no_data,,no_data,
SAC:neutrophils,pos_effect,,Pos,1.0,0,1,no_data,,881.0,mg/kg/day,no_data,,no_data,,no_data,,no_data,,no_data,,no_data,,no_data,,no_data,
SAC:ovary,pos_effect,,Pos,1.0,0,1,no_data,,1285.0,mg/kg/day,no_data,,no_data,,no_data,,no_data,,no_data,,no_data,,no_data,,no_data,
SAC:phosphorus,pos_effect,,Pos,1.0,0,1,no_data,,1149.0,mg/kg/day,no_data,,no_data,,no_data,,no_data,,no_data,,no_data,,no_data,,no_data,
SAC:platelet,no_effect,,Neg,0.0,0,1,no_data,,no_effect,,no_data,,no_data,,no_data,,no_data,,no_data,,no_data,,no_data,,no_data,
SAC:potassium,no_effect,,Neg,0.0,0,1,no_data,,no_effect,,no_data,,no_data,,no_data,,no_data,,no_data,,no_data,,no_data,,no_data,
SAC:prostate,no_effect,,Neg,0.0,0,1,no_data,,no_effect,,no_data,,no_data,,no_data,,no_data,,no_data,,no_data,,no_data,,no_data,
SAC:protein,pos_effect,,Pos,1.0,0,1,no_data,,1149.0,mg/kg/day,no_data,,no_data,,no_data,,no_data,,no_data,,no_data,,no_data,,no_data,
SAC:seminal vesicle,no_effect,,Neg,0.0,0,1,no_data,,no_effect,,no_data,,no_data,,no_data,,no_data,,no_data,,no_data,,no_data,,no_data,
SAC:skin,no_effect,,Neg,0.0,0,1,no_data,,no_effect,,no_data,,no_data,,no_data,,no_data,,no_data,,no_data,,no_data,,no_data,
SAC:sodium,no_effect,,Neg,0.0,0,1,no_data,,no_effect,,no_data,,no_data,,no_data,,no_data,,no_data,,no_data,,no_data,,no_data,
SAC:spinal cord,no_effect,,Neg,0.0,0,1,no_data,,no_effect,,no_data,,no_data,,no_data,,no_data,,no_data,,no_data,,no_data,,no_data,
SAC:spleen,no_effect,,Neg,0.0,0,1,no_data,,no_effect,,no_data,,no_data,,no_data,,no_data,,no_data,,no_data,,no_data,,no_data,
SAC:stomach,no_effect,,Neg,0.0,0,1,no_data,,no_effect,,no_data,,no_data,,no_data,,no_data,,no_data,,no_data,,no_data,,no_data,
SAC:testes,pos_effect,,Pos,1.0,0,1,no_data,,881.0,mg/kg/day,no_data,,no_data,,no_data,,no_data,,no_data,,no_data,,no_data,,no_data,
SAC:thymus,no_effect,,Neg,0.0,0,1,no_data,,no_effect,,no_data,,no_data,,no_data,,no_data,,no_data,,no_data,,no_data,,no_data,
SAC:thyroid gland,no_effect,,Neg,0.0,0,1,no_data,,no_effect,,no_data,,no_data,,no_data,,no_data,,no_data,,no_data,,no_data,,no_data,
SAC:trachea,no_effect,,Neg,0.0,0,1,no_data,,no_effect,,no_data,,no_data,,no_data,,no_data,,no_data,,no_data,,no_data,,no_data,
SAC:triglycerides,pos_effect,,Pos,1.0,0,1,no_data,,881.0,mg/kg/day,no_data,,no_data,,no_data,,no_data,,no_data,,no_data,,no_data,,no_data,
SAC:urea nitrogen,pos_effect,,Pos,1.0,0,1,no_data,,881.0,mg/kg/day,no_data,,no_data,,no_data,,no_data,,no_data,,no_data,,no_data,,no_data,
SAC:urinary bladder,no_effect,,Neg,0.0,0,1,no_data,,no_effect,,no_data,,no_data,,no_data,,no_data,,no_data,,no_data,,no_data,,no_data,
SAC:uterus,no_effect,,Neg,0.0,0,1,no_data,,no_effect,,no_data,,no_data,,no_data,,no_data,,no_data,,no_data,,no_data,,no_data,
SUB:adrenal gland,no_effect,,Neg,0.0,0,1,no_effect,,no_effect,,no_effect,,no_effect,,no_effect,,no_effect,,no_data,,no_effect,,no_effect,,no_effect,
SUB:alanine aminotransferase (alt/sgpt),no_effect,,Neg,0.407,0.0,0.49,no_effect,,no_data,,no_data,,no_data,,no_data,,no_data,,no_data,,5.0,mg/kg/day,no_data,,no_data,
SUB:albumin,no_effect,,Neg,0.0,0,1,no_effect,,no_data,,no_data,,no_data,,no_data,,no_data,,no_data,,no_data,,no_data,,no_data,
SUB:albumin-globulin ratio,pos_effect,,Pos,1.0,0,1,no_data,,707.0,mg/kg/day,no_data,,no_data,,no_data,,no_data,,no_data,,no_data,,no_data,,no_data,
SUB:alkaline phosphatase (alp/alk),pos_effect,,Pos,0.5,0.0,0.505,no_effect,,no_data,,no_data,,250.0,mg/kg/day,no_data,,no_data,,no_data,,no_data,,no_data,,no_data,
SUB:appearance and color,no_effect,,Neg,0.0,0,1,no_data,,no_data,,no_data,,no_effect,,no_data,,no_data,,no_data,,no_data,,no_data,,no_data,
SUB:bile acids,no_effect,,Neg,0.407,0.0,0.52,no_effect,,no_data,,no_data,,no_data,,no_data,,no_data,,no_data,,5.0,mg/kg/day,no_data,,no_data,
SUB:blood,pos_effect,,Pos,1.0,0,1,250.0,mg/kg/day,no_data,,no_data,,no_data,,no_data,,no_data,,no_data,,no_data,,no_data,,no_data,
SUB:blood clotting,pos_effect,,Pos,1.0,0,1,no_data,,no_data,,no_data,,250.0,mg/kg/day,no_data,,no_data,,no_data,,no_data,,no_data,,no_data,
SUB:body weight,no_effect,,Neg,0.454,0.55,0.435,200.0,mg/kg/day,406.0,mg/kg/day,no_effect,,no_effect,,no_effect,,28.0,mg/kg/day,no_data,,9.0,mg/kg/day,no_effect,,no_effect,
SUB:bone,no_effect,,Neg,0.0,0,1,no_effect,,no_data,,no_data,,no_data,,no_data,,no_data,,no_data,,no_data,,no_data,,no_data,
SUB:bone marrow,no_effect,,Neg,0.224,0.0,0.985,115.0,mg/kg/day,no_effect,,no_effect,,no_effect,,no_effect,,no_effect,,no_data,,61.0,mg/kg/day,no_effect,,no_effect,
SUB:brain,no_effect,,Neg,0.133,0.0,0.905,no_effect,,406.0,mg/kg/day,no_effect,,no_effect,,no_effect,,no_effect,,no_data,,no_effect,,no_effect,,no_effect,
SUB:calcium,pos_effect,,Pos,1.0,0,1,no_data,,no_data,,no_data,,250.0,mg/kg/day,no_data,,no_data,,no_data,,no_data,,no_data,,no_data,
SUB:cholesterol,pos_effect,,Pos,0.729,0.0,0.76,no_effect,,349.0,mg/kg/day,no_data,,250.0,mg/kg/day,no_data,,no_data,,no_data,,9.0,mg/kg/day,no_data,,no_data,
SUB:clinical signs,no_effect,,Neg,0.398,0.4444444444444444,0.535,40.0,mg/kg/day,349.0,mg/kg/day,no_effect,,50.0,mg/kg/day,no_effect,,no_effect,,no_data,,no_effect,,no_effect,,no_effect,
SUB:clitoral gland,no_effect,,Neg,0.0,0,1,no_effect,,no_data,,no_data,,no_data,,no_data,,no_data,,no_data,,no_data,,no_data,,no_data,
SUB:creatine phosphokinase,no_effect,,Neg,0.407,0.0,0.505,no_effect,,no_data,,no_data,,no_data,,no_data,,no_data,,no_data,,17.0,mg/kg/day,no_data,,no_data,
SUB:creatinine,pos_effect,,Pos,1.0,0,1,130.0,mg/kg/day,no_data,,0.625,mg/kg/day,250.0,mg/kg/day,no_data,,no_data,,no_data,,no_data,,no_data,,no_data,
SUB:ear,no_effect,,Neg,0.0,0,1,no_effect,,no_effect,,no_effect,,no_effect,,no_effect,,no_effect,,no_data,,no_effect,,no_effect,,no_effect,
SUB:epididymis,no_effect,,Neg,0.224,0.0,0.95,no_effect,,707.0,mg/kg/day,no_effect,,no_effect,,no_effect,,no_effect,,no_data,,no_effect,,0.2,mg/kg/day,no_effect,
SUB:erythrocyte (rbc) count differential,pos_effect,,Pos,1.0,0,1,200.0,mg/kg/day,707.0,mg/kg/day,no_data,,no_data,,no_data,,no_data,,no_data,,9.0,mg/kg/day,0.2,mg/kg/day,no_data,
SUB:esophagus,no_effect,,Neg,0.0,0,1,no_effect,,no_effect,,no_effect,,no_effect,,no_effect,,no_effect,,no_data,,no_effect,,no_effect,,no_effect,
SUB:estrous cycle,pos_effect,,Pos,1.0,0,1,445.0,mg/kg/day,no_data,,no_data,,no_data,,no_data,,no_data,,no_data,,no_data,,no_data,,no_data,
SUB:eye,no_effect,,Neg,0.0,0,1,no_effect,,no_effect,,no_effect,,no_effect,,no_effect,,no_effect,,no_data,,no_effect,,no_effect,,no_effect,
SUB:food consumption,no_effect,,Neg,0.23,0.0,0.96,no_effect,,406.0,mg/kg/day,no_effect,,no_effect,,no_effect,,13.0,mg/kg/day,no_data,,no_effect,,no_effect,,no_effect,
SUB:full gross necropsy,no_effect,,Neg,0.0,0,1,no_effect,,no_effect,,no_effect,,no_effect,,no_effect,,no_effect,,no_data,,no_effect,,no_effect,,no_effect,
SUB:gallbladder,no_effect,,Neg,0.0,0,1,no_effect,,no_data,,no_data,,no_effect,,no_data,,no_data,,no_data,,no_data,,no_data,,no_data,
SUB:globulins,pos_effect,,Pos,1.0,0,1,no_data,,349.0,mg/kg/day,no_data,,no_data,,no_data,,no_data,,no_data,,no_data,,no_data,,no_data,
SUB:glucose,no_effect,,Neg,0.333,0.0,0.665,no_effect,,no_data,,0.625,mg/kg/day,no_effect,,no_data,,no_data,,no_data,,no_data,,no_data,,no_data,
SUB:glutamate dehydrogenase,pos_effect,,Pos,1.0,0,1,no_data,,no_data,,no_data,,250.0,mg/kg/day,no_data,,no_data,,no_data,,no_data,,no_data,,no_data,
SUB:harderian gland,no_effect,,Neg,0.0,0,1,no_effect,,no_data,,no_data,,no_data,,no_data,,no_data,,no_data,,no_data,,no_data,,no_data,
SUB:heart,no_effect,,Neg,0.224,0.0,0.98,840.0,mg/kg/day,no_effect,,no_effect,,no_effect,,no_effect,,no_effect,,no_data,,no_effect,,0.2,mg/kg/day,no_effect,
SUB:hematocrit (hct),pos_effect,,Pos,1.0,0,1,225.0,mg/kg/day,707.0,mg/kg/day,no_data,,no_data,,no_data,,no_data,,no_data,,5.0,mg/kg/day,0.5,mg/kg/day,no_data,
SUB:hemoglobin (hgb),pos_effect,,Pos,1.0,0,1,200.0,mg/kg/day,707.0,mg/kg/day,no_data,,250.0,mg/kg/day,no_data,,no_data,,no_data,,5.0,mg/kg/day,no_data,,no_data,
SUB:intestine large,no_effect,,Neg,0.133,0.0,0.88,no_effect,,no_effect,,no_effect,,250.0,mg/kg/day,no_effect,,no_effect,,no_data,,no_effect,,no_effect,,no_effect,
SUB:intestine small,no_effect,,Neg,0.224,0.0,0.965,no_effect,,no_effect,,no_effect,,250.0,mg/kg/day,no_effect,,no_effect,,no_data,,9.0,mg/kg/day,no_effect,,no_effect,
SUB:kidney,pos_effect,,Pos,0.811,0.0,0.975,200.0,mg/kg/day,707.0,mg/kg/day,0.625,mg/kg/day,250.0,mg/kg/day,137.4,mg/kg/day,no_effect,,no_data,,33.0,mg/kg/day,no_effect,,355.0,mg/kg/day
SUB:larynx,no_effect,,Neg,0.0,0,1,no_effect,,no_effect,,no_effect,,no_effect,,no_effect,,no_effect,,no_data,,no_effect,,no_effect,,no_effect,
SUB:leukocyte (wbc) count differential,no_effect,,Neg,0.0,0,1,no_effect,,no_data,,no_data,,no_data,,no_data,,no_data,,no_data,,no_data,,no_data,,no_data,
SUB:lipids,pos_effect,,Pos,1.0,0,1,no_data,,no_data,,no_data,,250.0,mg/kg/day,no_data,,no_data,,no_data,,no_data,,no_data,,no_data,
SUB:liver,pos_effect,,Pos,0.776,0.0,0.995,840.0,mg/kg/day,349.0,mg/kg/day,0.625,mg/kg/day,no_effect,,137.4,mg/kg/day,13.0,mg/kg/day,no_data,,10.0,mg/kg/day,no_effect,,355.0,mg/kg/day
SUB:lung,no_effect,,Neg,0.133,0.0,0.905,no_effect,,no_effect,,0.625,mg/kg/day,no_effect,,no_effect,,no_effect,,no_data,,no_effect,,no_effect,,no_effect,
SUB:lymph node,no_effect,,Neg,0.224,0.0,0.99,no_effect,,no_effect,,no_effect,,50.0,mg/kg/day,no_effect,,no_effect,,no_data,,5.0,mg/kg/day,no_effect,,no_effect,
SUB:mammary gland,no_effect,,Neg,0.0,0,1,no_effect,,no_effect,,no_effect,,no_effect,,no_effect,,no_effect,,no_data,,no_effect,,no_effect,,no_effect,
SUB:mean corpuscular (cell) volume (mcv),pos_effect,,Pos,1.0,0,1,200.0,mg/kg/day,794.0,mg/kg/day,no_data,,no_data,,no_data,,24.0,mg/kg/day,no_data,,5.0,mg/kg/day,no_data,,no_data,
SUB:mean corpuscular hemoglobin (mch),pos_effect,,Pos,1.0,0,1,200.0,mg/kg/day,794.0,mg/kg/day,no_data,,no_data,,no_data,,24.0,mg/kg/day,no_data,,5.0,mg/kg/day,no_data,,no_data,
SUB:mean corpuscular hemoglobin concentration (mchc),pos_effect,,Pos,1.0,0,1,200.0,mg/kg/day,no_data,,no_data,,no_data,,no_data,,no_data,,no_data,,5.0,mg/kg/day,no_data,,no_data,
SUB:methemoglobin,pos_effect,,Pos,1.0,0,1,30.0,mg/kg/day,no_data,,no_data,,no_data,,no_data,,no_data,,no_data,,no_data,,no_data,,no_data,
SUB:mortality,no_effect,,Neg,0.133,0.0,0.88,250.0,mg/kg/day,no_effect,,no_effect,,no_effect,,no_effect,,no_effect,,no_data,,no_effect,,no_effect,,no_effect,
SUB:nerve,no_effect,,Neg,0.0,0,1,no_effect,,no_effect,,no_effect,,no_effect,,no_effect,,no_effect,,no_data,,no_effect,,no_effect,,no_effect,
SUB:non-protein sulfhydryl (npsh),pos_effect,,Pos,1.0,0,1,no_data,,no_data,,0.625,mg/kg/day,no_data,,no_data,,no_data,,no_data,,no_data,,no_data,,no_data,
SUB:nose,no_effect,,Neg,0.0,0,1,no_effect,,no_effect,,no_effect,,no_effect,,no_effect,,no_effect,,no_data,,no_effect,,no_effect,,no_effect,
SUB:nucleated red blood cell (nrbc),pos_effect,,Pos,1.0,0,1,200.0,mg/kg/day,no_data,,no_data,,no_data,,no_data,,no_data,,no_data,,9.0,mg/kg/day,no_data,,no_data,
SUB:occult blood,no_effect,,Neg,0.0,0,1,no_data,,no_data,,no_data,,no_effect,,no_data,,no_data,,no_data,,no_data,,no_data,,no_data,
SUB:ovary,no_effect,,Neg,0.0,0,1,no_effect,,no_effect,,no_effect,,no_effect,,no_effect,,no_effect,,no_data,,no_effect,,no_effect,,no_effect,
SUB:pancreas,no_effect,,Neg,0.133,0.0,0.89,no_effect,,no_effect,,no_effect,,250.0,mg/kg/day,no_effect,,no_effect,,no_data,,no_effect,,no_effect,,no_effect,
SUB:parathyroid,no_effect,,Neg,0.0,0,1,no_data,,no_data,,no_data,,no_effect,,no_data,,no_data,,no_data,,no_data,,no_data,,no_data,
SUB:parathyroid gland,no_effect,,Neg,0.0,0,1,no_effect,,no_effect,,no_effect,,no_effect,,no_effect,,no_effect,,no_data,,no_effect,,no_effect,,no_effect,
SUB:ph,no_effect,,Neg,0.0,0,1,no_data,,no_data,,no_data,,no_effect,,no_data,,no_data,,no_data,,no_data,,no_data,,no_data,
SUB:pharynx,no_effect,,Neg,0.0,0,1,no_effect,,no_effect,,no_effect,,no_effect,,no_effect,,no_effect,,no_data,,no_effect,,no_effect,,no_effect,
SUB:pituitary gland,no_effect,,Neg,0.0,0,1,no_effect,,no_effect,,no_effect,,no_effect,,no_effect,,no_effect,,no_data,,no_effect,,no_effect,,no_effect,
SUB:platelet,pos_effect,,Pos,1.0,0,1,225.0,mg/kg/day,no_data,,no_data,,no_data,,no_data,,no_data,,no_data,,5.0,mg/kg/day,no_data,,no_data,
SUB:potassium,pos_effect,,Pos,1.0,0,1,no_data,,no_data,,no_data,,250.0,mg/kg/day,no_data,,no_data,,no_data,,no_data,,no_data,,no_data,
SUB:preputial gland,no_effect,,Neg,0.0,0,1,no_effect,,no_data,,no_data,,no_data,,no_data,,no_data,,no_data,,no_data,,no_data,,no_data,
SUB:prostate,no_effect,,Neg,0.0,0,1,no_effect,,no_effect,,no_effect,,no_effect,,no_effect,,no_effect,,no_data,,no_effect,,no_effect,,no_effect,
SUB:protein,no_effect,,Neg,0.333,0.0,0.73,no_effect,,349.0,mg/kg/day,no_data,,no_effect,,no_data,,no_data,,no_data,,no_data,,no_data,,no_data,
SUB:reticulocyte,pos_effect,,Pos,1.0,0,1,200.0,mg/kg/day,no_data,,no_data,,no_data,,no_data,,no_data,,no_data,,5.0,mg/kg/day,no_data,,no_data,
SUB:salivary glands,no_effect,,Neg,0.0,0,1,no_effect,,no_effect,,no_effect,,no_effect,,no_effect,,no_effect,,no_data,,no_effect,,no_effect,,no_effect,
SUB:seminal vesicle,no_effect,,Neg,0.0,0,1,no_effect,,no_effect,,no_effect,,no_effect,,no_effect,,no_effect,,no_data,,no_effect,,no_effect,,no_effect,
SUB:skeletal muscle,no_effect,,Neg,0.0,0,1,no_effect,,no_data,,no_data,,no_data,,no_data,,no_data,,no_data,,no_data,,no_data,,no_data,
SUB:skin,no_effect,,Neg,0.0,0,1,no_effect,,no_effect,,no_effect,,no_effect,,no_effect,,no_effect,,no_data,,no_effect,,no_effect,,no_effect,
SUB:sorbitol dehydrogenase,no_effect,,Neg,0.407,0.0,0.51,no_effect,,no_data,,no_data,,no_data,,no_data,,no_data,,no_data,,5.0,mg/kg/day,no_data,,no_data,
SUB:specific gravity/osmolality,pos_effect,,Pos,1.0,0,1,no_data,,no_data,,no_data,,250.0,mg/kg/day,no_data,,no_data,,no_data,,no_data,,no_data,,no_data,
SUB:sperm measure,pos_effect,,Pos,1.0,0,1,115.0,mg/kg/day,no_data,,no_data,,no_data,,no_data,,no_data,,no_data,,no_data,,no_data,,no_data,
SUB:spinal cord,no_effect,,Neg,0.0,0,1,no_effect,,no_effect,,no_effect,,no_effect,,no_effect,,no_effect,,no_data,,no_effect,,no_effect,,no_effect,
SUB:spleen,pos_effect,,Pos,0.504,0.2,0.925,115.0,mg/kg/day,no_effect,,no_effect,,no_effect,,137.4,mg/kg/day,no_effect,,no_data,,17.0,mg/kg/day,0.5,mg/kg/day,4.1,mg/kg/day
SUB:stomach,no_effect,,Neg,0.357,0.0,0.98,310.0,mg/kg/day,no_effect,,no_effect,,250.0,mg/kg/day,no_effect,,no_effect,,no_data,,60.0,mg/kg/day,no_effect,,no_effect,
SUB:testes,no_effect,,Neg,0.357,0.16666666666666666,0.915,750.0,mg/kg/day,707.0,mg/kg/day,no_effect,,no_effect,,no_effect,,no_effect,,no_data,,no_effect,,0.2,mg/kg/day,no_effect,
SUB:thymus,no_effect,,Neg,0.0,0,1,no_effect,,no_effect,,no_effect,,no_effect,,no_effect,,no_effect,,no_data,,no_effect,,no_effect,,no_effect,
SUB:thyroid gland,no_effect,,Neg,0.0,0,1,no_effect,,no_effect,,no_effect,,no_effect,,no_effect,,no_effect,,no_data,,no_effect,,no_effect,,no_effect,
SUB:tongue,no_effect,,Neg,0.0,0,1,no_effect,,no_data,,no_data,,no_data,,no_data,,no_data,,no_data,,no_data,,no_data,,no_data,
SUB:trachea,no_effect,,Neg,0.0,0,1,no_effect,,no_effect,,no_effect,,no_effect,,no_effect,,no_effect,,no_data,,no_effect,,no_effect,,no_effect,
SUB:triglycerides,pos_effect,,Pos,0.628,0.0,0.69,no_effect,,no_data,,0.00625,mg/kg/day,no_data,,no_data,,no_data,,no_data,,17.0,mg/kg/day,no_data,,no_data,
SUB:urea nitrogen,pos_effect,,Pos,1.0,0,1,30.0,mg/kg/day,no_data,,no_data,,no_data,,no_data,,no_data,,no_data,,no_data,,no_data,,no_data,
SUB:urinary bladder,no_effect,,Neg,0.0,0,1,no_effect,,no_effect,,no_effect,,no_effect,,no_effect,,no_effect,,no_data,,no_effect,,no_effect,,no_effect,
SUB:uterus,no_effect,,Neg,0.0,0,1,no_effect,,no_effect,,no_effect,,no_effect,,no_effect,,no_effect,,no_data,,no_effect,,no_effect,,no_effect,
SUB:vagina,no_effect,,Neg,0.0,0,1,no_effect,,no_data,,no_data,,no_data,,no_data,,no_data,,no_data,,no_data,,no_data,,no_data,
SUB:volume,pos_effect,,Pos,1.0,0,1,no_data,,no_data,,0.625,mg/kg/day,250.0,mg/kg/day,no_data,,no_data,,no_data,,no_data,,no_data,,no_data,
SUB:water consumption,pos_effect,,Pos,1.0,0,1,225.0,mg/kg/day,no_data,,no_data,,no_data,,no_data,,no_data,,no_data,,15.0,mg/kg/day,no_data,,36.5,mg/kg/day
