chem_id,DTXCID009672,DTXCID009672_units,pred_class,ACT,AUC,pval,DTXCID009677,DTXCID009677_units,DTXCID805337,DTXCID805337_units,DTXCID7014945,DTXCID7014945_units,DTXCID504177,DTXCID504177_units,DTXCID9014341,DTXCID9014341_units,DTXCID901426,DTXCID901426_units,DTXCID6014455,DTXCID6014455_units,DTXCID00941,DTXCID00941_units,DTXCID9014347,DTXCID9014347_units,DTXCID7019367,DTXCID7019367_units
role,target,,,,,,analog,,analog,,analog,,analog,,analog,,analog,,analog,,analog,,analog,,analog,
preferred name,Sulfur dioxide,,,,,,Silica,,Formamide,,Sulfuryl fluoride,,Methamidophos,,Arsenic acid,,Urea,,Chromic(VI) acid,,Sodium nitrite,,Barium metaborate,,Trisodium arsenate,
dsstox_sid,DTXSID6029672,,,,,,DTXSID1029677,,DTXSID8025337,,DTXSID9034945,,DTXSID6024177,,DTXSID1034341,,DTXSID4021426,,DTXSID8034455,,DTXSID0020941,,DTXSID1034347,,DTXSID9039367,
dsstox_cid,DTXCID009672,,,,,,DTXCID009677,,DTXCID805337,,DTXCID7014945,,DTXCID504177,,DTXCID9014341,,DTXCID901426,,DTXCID6014455,,DTXCID00941,,DTXCID9014347,,DTXCID7019367,
similarity,1.00001,,,,,,0.1428571429,,0.1111111111,,0.1111111111,,0.1111111111,,0.1111111111,,0.1111111111,,0.1111111111,,0.1,,0.1,,0.1,
Mass g/mol,64.06,,,,,,60.083,,45.041,,102.05,,141.12,,141.942,,60.056,,118.008,,68.995,,222.94,,207.887,
Melting °C,,,,,,,,,2.59083,,,,46.1028,,,,132.697,,,,,,,,,
Boiling °C,,,,,,,,,219.986,,,,238.724,,,,257.615,,,,,,,,,
log Kow ,,,,,,,,,-1.50846,,,,-0.798736,,,,-1.88328,,,,,,,,,
Vap. press. mmHg,,,,,,,,,0.0606094,,,,3.54249e-05,,,,1.21258e-05,,,,,,,,,
Water sol. mol/L,,,,,,,,,22.2407,,,,4.12249,,,,9.18616,,,,,,,,,
Henry's Law atm-m3/mole,,,,,,,,,9.73585e-08,,,,2.5538e-07,,,,5.43991e-09,,,,,,,,,
Hydrogen Bond Donors ,,,,,,,,,,,,,,,,,,,,,,,,,,
Hydrogen Bond Acceptors ,,,,,,,,,,,,,,,,,,,,,,,,,,
CHR:[other],pos_effect,,Pos,1.0,0,1,no_data,,no_data,,no_data,,no_data,,no_data,,no_data,,no_data,,no_data,,no_data,,12.5,mg/kg/day
CHR:adrenal gland,no_effect,,Neg,0.172,0.0,0.825,no_data,,no_effect,,80.0,ppm,no_effect,,no_data,,no_effect,,no_data,,no_effect,,no_data,,no_effect,
CHR:albumin,pos_effect,,Pos,1.0,0,1,no_data,,no_data,,80.0,ppm,no_data,,no_data,,no_data,,no_data,,no_data,,no_data,,no_data,
CHR:appearance and color,no_effect,,Neg,0.0,0,1,no_data,,no_data,,no_effect,,no_effect,,no_data,,no_effect,,no_data,,no_effect,,no_data,,no_effect,
CHR:bile duct,pos_effect,,Pos,1.0,0,1,no_data,,no_data,,no_data,,no_data,,no_data,,no_data,,no_data,,no_data,,no_data,,12.5,mg/kg/day
CHR:body weight,pos_effect,,Pos,0.828,0.0,0.815,no_data,,40.0,mg/kg/day,79.35,mg/kg/day,0.9,mg/kg/day,no_data,,no_effect,,no_data,,100.0,mg/kg/day,no_data,,1.6,mg/kg/day
CHR:bone,no_effect,,Neg,0.345,0.0,0.7,no_data,,no_effect,,80.0,ppm,no_data,,no_data,,no_data,,no_data,,no_effect,,no_data,,no_data,
CHR:bone marrow,no_effect,,Neg,0.172,0.0,0.835,no_data,,80.0,mg/kg/day,no_effect,,no_effect,,no_data,,no_effect,,no_data,,no_effect,,no_data,,no_effect,
CHR:brain,no_effect,,Neg,0.172,0.0,0.865,no_data,,no_effect,,79.35,mg/kg/day,no_effect,,no_data,,no_effect,,no_data,,no_effect,,no_data,,no_effect,
CHR:chloride,pos_effect,,Pos,1.0,0,1,no_data,,no_data,,80.0,ppm,no_data,,no_data,,no_data,,no_data,,no_data,,no_data,,no_data,
CHR:cholesterol,pos_effect,,Pos,1.0,0,1,no_data,,no_data,,80.0,ppm,no_data,,no_data,,no_data,,no_data,,no_data,,no_data,,no_data,
CHR:cholinesterase,pos_effect,,Pos,1.0,0,1,no_data,,no_data,,no_data,,0.05,mg/kg/day,no_data,,no_data,,no_data,,no_data,,no_data,,no_data,
CHR:clinical signs,no_effect,,Neg,0.345,0.0,0.94,no_data,,no_effect,,20.0,ppm,0.9,mg/kg/day,no_data,,no_effect,,no_data,,no_effect,,no_data,,no_effect,
CHR:clitoral gland,no_effect,,Neg,0.0,0,1,no_data,,no_effect,,no_data,,no_data,,no_data,,no_data,,no_data,,no_effect,,no_data,,no_data,
CHR:creatinine,pos_effect,,Pos,1.0,0,1,no_data,,no_data,,80.0,ppm,no_data,,no_data,,no_data,,no_data,,no_data,,no_data,,no_data,
CHR:ear,no_effect,,Neg,0.0,0,1,no_data,,no_data,,no_effect,,no_effect,,no_data,,no_effect,,no_data,,no_effect,,no_data,,no_effect,
CHR:epididymis,no_effect,,Neg,0.0,0,1,no_data,,no_effect,,no_effect,,no_effect,,no_data,,no_effect,,no_data,,no_effect,,no_data,,no_effect,
CHR:erythrocyte (rbc) count differential,no_effect,,Neg,0.474,0.0,0.465,no_data,,no_data,,no_effect,,no_data,,no_data,,no_data,,no_data,,100.0,mg/kg/day,no_data,,no_data,
CHR:esophagus,no_effect,,Neg,0.0,0,1,no_data,,no_effect,,no_effect,,no_effect,,no_data,,no_effect,,no_data,,no_effect,,no_data,,no_effect,
CHR:eye,no_effect,,Neg,0.172,0.0,0.87,no_data,,no_effect,,80.0,ppm,no_effect,,no_data,,no_effect,,no_data,,no_effect,,no_data,,no_effect,
CHR:food consumption,no_effect,,Neg,0.187,0.0,0.815,no_data,,no_data,,no_effect,,no_effect,,no_data,,no_effect,,no_data,,100.0,mg/kg/day,no_data,,no_effect,
CHR:full gross necropsy,no_effect,,Neg,0.172,0.0,0.845,no_data,,no_effect,,no_effect,,no_effect,,no_data,,225.0,mg/kg/day,no_data,,no_effect,,no_data,,no_effect,
CHR:gallbladder,no_effect,,Neg,0.0,0,1,no_data,,no_effect,,no_data,,no_data,,no_data,,no_data,,no_data,,no_effect,,no_data,,no_data,
CHR:glucose,no_effect,,Neg,0.208,0.0,0.805,no_data,,no_data,,79.35,mg/kg/day,no_effect,,no_data,,no_effect,,no_data,,no_effect,,no_data,,no_effect,
CHR:harderian gland,no_effect,,Neg,0.0,0,1,no_data,,no_effect,,no_data,,no_data,,no_data,,no_data,,no_data,,no_effect,,no_data,,no_data,
CHR:heart,no_effect,,Neg,0.172,0.0,0.845,no_data,,no_effect,,79.35,mg/kg/day,no_effect,,no_data,,no_effect,,no_data,,no_effect,,no_data,,no_effect,
CHR:hematocrit (hct),pos_effect,,Pos,1.0,0,1,no_data,,no_data,,no_data,,no_data,,no_data,,no_data,,no_data,,100.0,mg/kg/day,no_data,,no_data,
CHR:hemoglobin (hgb),pos_effect,,Pos,1.0,0,1,no_data,,no_data,,no_data,,no_data,,no_data,,no_data,,no_data,,100.0,mg/kg/day,no_data,,no_data,
CHR:intestine large,no_effect,,Neg,0.0,0,1,no_data,,no_effect,,no_effect,,no_effect,,no_data,,no_effect,,no_data,,no_effect,,no_data,,no_effect,
CHR:intestine small,no_effect,,Neg,0.0,0,1,no_data,,no_effect,,no_effect,,no_effect,,no_data,,no_effect,,no_data,,no_effect,,no_data,,no_effect,
CHR:kidney,no_effect,,Neg,0.172,0.0,0.89,no_data,,no_effect,,79.35,mg/kg/day,no_effect,,no_data,,no_effect,,no_data,,no_effect,,no_data,,no_effect,
CHR:larynx,no_effect,,Neg,0.0,0,1,no_data,,no_effect,,no_effect,,no_effect,,no_data,,no_effect,,no_data,,no_effect,,no_data,,no_effect,
CHR:leukocyte (wbc) count differential,pos_effect,,Pos,0.526,0.0,0.51,no_data,,no_data,,200.0,ppm,no_data,,no_data,,no_data,,no_data,,no_effect,,no_data,,no_data,
CHR:liver,no_effect,,Neg,0.345,0.0,0.935,no_data,,40.0,mg/kg/day,79.35,mg/kg/day,no_effect,,no_data,,no_effect,,no_data,,no_effect,,no_data,,no_effect,
CHR:lung,no_effect,,Neg,0.345,0.0,0.925,no_data,,80.0,mg/kg/day,79.35,mg/kg/day,no_effect,,no_data,,no_effect,,no_data,,no_effect,,no_data,,no_effect,
CHR:lymph node,no_effect,,Neg,0.396,0.0,0.89,no_data,,no_data,,80.0,ppm,no_effect,,no_data,,no_effect,,no_data,,100.0,mg/kg/day,no_data,,no_effect,
CHR:mammary gland,no_effect,,Neg,0.0,0,1,no_data,,no_effect,,no_effect,,no_effect,,no_data,,no_effect,,no_data,,no_effect,,no_data,,no_effect,
CHR:mean corpuscular (cell) volume (mcv),pos_effect,,Pos,1.0,0,1,no_data,,no_data,,no_data,,no_data,,no_data,,no_data,,no_data,,100.0,mg/kg/day,no_data,,no_data,
CHR:mortality,no_effect,,Neg,0.328,0.0,0.925,no_data,,no_effect,,79.35,mg/kg/day,no_effect,,no_data,,no_effect,,no_data,,no_effect,,no_data,,12.5,mg/kg/day
CHR:nerve,no_effect,,Neg,0.0,0,1,no_data,,no_effect,,no_effect,,no_effect,,no_data,,no_effect,,no_data,,no_effect,,no_data,,no_effect,
CHR:nose,no_effect,,Neg,0.172,0.0,0.83,no_data,,no_effect,,80.0,ppm,no_effect,,no_data,,no_effect,,no_data,,no_effect,,no_data,,no_effect,
CHR:occult blood,no_effect,,Neg,0.0,0,1,no_data,,no_data,,no_effect,,no_effect,,no_data,,no_effect,,no_data,,no_effect,,no_data,,no_effect,
CHR:ovary,no_effect,,Neg,0.0,0,1,no_data,,no_effect,,no_effect,,no_effect,,no_data,,no_effect,,no_data,,no_effect,,no_data,,no_effect,
CHR:pancreas,no_effect,,Neg,0.172,0.0,0.855,no_data,,20.0,mg/kg/day,no_effect,,no_effect,,no_data,,no_effect,,no_data,,no_effect,,no_data,,no_effect,
CHR:parathyroid gland,no_effect,,Neg,0.172,0.0,0.845,no_data,,no_effect,,80.0,ppm,no_effect,,no_data,,no_effect,,no_data,,no_effect,,no_data,,no_effect,
CHR:ph,no_effect,,Neg,0.0,0,1,no_data,,no_data,,no_effect,,no_effect,,no_data,,no_effect,,no_data,,no_effect,,no_data,,no_effect,
CHR:pharynx,no_effect,,Neg,0.0,0,1,no_data,,no_data,,no_effect,,no_effect,,no_data,,no_effect,,no_data,,no_effect,,no_data,,no_effect,
CHR:phosphorus,pos_effect,,Pos,1.0,0,1,no_data,,no_data,,80.0,ppm,no_data,,no_data,,no_data,,no_data,,no_data,,no_data,,no_data,
CHR:pituitary gland,no_effect,,Neg,0.0,0,1,no_data,,no_effect,,no_effect,,no_effect,,no_data,,no_effect,,no_data,,no_effect,,no_data,,no_effect,
CHR:preputial gland,no_effect,,Neg,0.0,0,1,no_data,,no_effect,,no_data,,no_data,,no_data,,no_data,,no_data,,no_effect,,no_data,,no_data,
CHR:prostate,no_effect,,Neg,0.0,0,1,no_data,,no_effect,,no_effect,,no_effect,,no_data,,no_effect,,no_data,,no_effect,,no_data,,no_effect,
CHR:protein,no_effect,,Neg,0.208,0.0,0.81,no_data,,no_data,,80.0,ppm,no_effect,,no_data,,no_effect,,no_data,,no_effect,,no_data,,no_effect,
CHR:salivary glands,no_effect,,Neg,0.0,0,1,no_data,,no_effect,,no_effect,,no_effect,,no_data,,no_effect,,no_data,,no_effect,,no_data,,no_effect,
CHR:seminal vesicle,no_effect,,Neg,0.0,0,1,no_data,,no_effect,,no_effect,,no_effect,,no_data,,no_effect,,no_data,,no_effect,,no_data,,no_effect,
CHR:skeletal muscle,no_effect,,Neg,0.0,0,1,no_data,,no_effect,,no_data,,no_data,,no_data,,no_data,,no_data,,no_effect,,no_data,,no_data,
CHR:skin,no_effect,,Neg,0.172,0.0,0.86,no_data,,no_effect,,no_effect,,0.9,mg/kg/day,no_data,,no_effect,,no_data,,no_effect,,no_data,,no_effect,
CHR:specific gravity/osmolality,no_effect,,Neg,0.208,0.0,0.79,no_data,,no_data,,80.0,ppm,no_effect,,no_data,,no_effect,,no_data,,no_effect,,no_data,,no_effect,
CHR:spinal cord,no_effect,,Neg,0.0,0,1,no_data,,no_data,,no_effect,,no_effect,,no_data,,no_effect,,no_data,,no_effect,,no_data,,no_effect,
CHR:spleen,no_effect,,Neg,0.345,0.0,0.88,no_data,,80.0,mg/kg/day,79.35,mg/kg/day,no_effect,,no_data,,no_effect,,no_data,,no_effect,,no_data,,no_effect,
CHR:stomach,no_effect,,Neg,0.328,0.0,0.945,no_data,,no_effect,,80.0,ppm,no_effect,,no_data,,no_effect,,no_data,,130.0,mg/kg/day,no_data,,no_effect,
CHR:testes,no_effect,,Neg,0.345,0.0,0.965,no_data,,40.0,mg/kg/day,79.35,mg/kg/day,no_effect,,no_data,,no_effect,,no_data,,no_effect,,no_data,,no_effect,
CHR:thymus,no_effect,,Neg,0.345,0.0,0.61,no_data,,no_effect,,79.35,mg/kg/day,no_data,,no_data,,no_data,,no_data,,no_effect,,no_data,,no_data,
CHR:thyroid gland,no_effect,,Neg,0.172,0.0,0.805,no_data,,no_effect,,79.35,mg/kg/day,no_effect,,no_data,,no_effect,,no_data,,no_effect,,no_data,,no_effect,
CHR:tongue,no_effect,,Neg,0.0,0,1,no_data,,no_effect,,no_data,,no_data,,no_data,,no_data,,no_data,,no_effect,,no_data,,no_data,
CHR:trachea,no_effect,,Neg,0.0,0,1,no_data,,no_effect,,no_effect,,no_effect,,no_data,,no_effect,,no_data,,no_effect,,no_data,,no_effect,
CHR:triglycerides,pos_effect,,Pos,1.0,0,1,no_data,,no_data,,80.0,ppm,no_data,,no_data,,no_data,,no_data,,no_data,,no_data,,no_data,
CHR:urea nitrogen,pos_effect,,Pos,1.0,0,1,no_data,,no_data,,80.0,ppm,no_data,,no_data,,no_data,,no_data,,no_data,,no_data,,no_data,
CHR:urinary bladder,no_effect,,Neg,0.0,0,1,no_data,,no_effect,,no_effect,,no_effect,,no_data,,no_effect,,no_data,,no_effect,,no_data,,no_effect,
CHR:uterus,no_effect,,Neg,0.0,0,1,no_data,,no_effect,,no_effect,,no_effect,,no_data,,no_effect,,no_data,,no_effect,,no_data,,no_effect,
CHR:vagina,no_effect,,Neg,0.0,0,1,no_data,,no_effect,,no_data,,no_data,,no_data,,no_data,,no_data,,no_effect,,no_data,,no_data,
CHR:volume,no_effect,,Neg,0.0,0,1,no_data,,no_data,,no_effect,,no_effect,,no_data,,no_effect,,no_data,,no_effect,,no_data,,no_effect,
CHR:water consumption,pos_effect,,Pos,1.0,0,1,no_data,,no_data,,no_data,,no_data,,no_data,,no_data,,no_data,,35.0,mg/kg/day,no_data,,no_data,
DEV:[other],pos_effect,,Pos,1.0,0,1,no_data,,no_data,,no_data,,no_data,,no_data,,no_data,,no_data,,320.0,mg/kg/day,no_data,,no_data,
DEV:aborted,no_effect,,Neg,0.147,0.0,0.85,no_data,,140.0,mg/kg/day,no_effect,,no_effect,,no_effect,,no_data,,no_effect,,no_effect,,no_effect,,no_data,
DEV:all gross anomalies,no_effect,,Neg,0.0,0,1,no_data,,no_effect,,no_effect,,no_effect,,no_effect,,no_data,,no_effect,,no_effect,,no_effect,,no_data,
DEV:anisocytosis,pos_effect,,Pos,1.0,0,1,no_data,,no_data,,no_data,,no_data,,no_data,,no_data,,no_data,,320.0,mg/kg/day,no_data,,no_data,
DEV:birth index,no_effect,,Neg,0.0,0,1,no_data,,no_effect,,no_effect,,no_effect,,no_effect,,no_data,,no_effect,,no_effect,,no_effect,,no_data,
DEV:blood vessel,pos_effect,,Pos,1.0,0,1,no_data,,no_data,,no_data,,no_data,,64.0,mg/kg/day,no_data,,no_data,,no_data,,no_data,,no_data,
DEV:body weight,pos_effect,,Pos,1.0,0,1,no_data,,100.0,mg/kg/day,225.0,ppm,3.0,mg/kg/day,32.0,mg/kg/day,no_data,,120.0,mg/kg/day,100.1,mg/kg/day,125.0,mg/kg/day,no_data,
DEV:bone,no_effect,,Neg,0.294,0.0,0.935,no_data,,100.0,mg/kg/day,no_effect,,no_effect,,64.0,mg/kg/day,no_data,,no_effect,,no_effect,,no_effect,,no_data,
DEV:clinical signs,pos_effect,,Pos,0.706,0.0,0.96,no_data,,140.0,mg/kg/day,no_effect,,3.0,mg/kg/day,64.0,mg/kg/day,no_data,,no_effect,,320.0,mg/kg/day,20.0,mg/kg/day,no_data,
DEV:corpora lutea,no_effect,,Neg,0.0,0,1,no_data,,no_effect,,no_effect,,no_effect,,no_effect,,no_data,,no_effect,,no_effect,,no_effect,,no_data,
DEV:dead fetuses,no_effect,,Neg,0.0,0,1,no_data,,no_effect,,no_effect,,no_effect,,no_effect,,no_data,,no_effect,,no_effect,,no_effect,,no_data,
DEV:dystocia,no_effect,,Neg,0.0,0,1,no_data,,no_effect,,no_effect,,no_effect,,no_effect,,no_data,,no_effect,,no_effect,,no_effect,,no_data,
DEV:erythrocyte (rbc) count differential,pos_effect,,Pos,1.0,0,1,no_data,,no_data,,no_data,,no_data,,no_data,,no_data,,no_data,,100.1,mg/kg/day,no_data,,no_data,
DEV:food consumption,pos_effect,,Pos,0.574,0.0,0.965,no_data,,140.0,mg/kg/day,no_effect,,3.0,mg/kg/day,no_effect,,no_data,,120.0,mg/kg/day,no_effect,,90.0,mg/kg/day,no_data,
DEV:full gross necropsy,no_effect,,Neg,0.0,0,1,no_data,,no_effect,,no_effect,,no_effect,,no_effect,,no_data,,no_effect,,no_effect,,no_effect,,no_data,
DEV:gestation index,no_effect,,Neg,0.0,0,1,no_data,,no_effect,,no_effect,,no_effect,,no_effect,,no_data,,no_effect,,no_effect,,no_effect,,no_data,
DEV:hemoglobin (hgb),pos_effect,,Pos,1.0,0,1,no_data,,no_data,,no_data,,no_data,,no_data,,no_data,,no_data,,50.05,mg/kg/day,no_data,,no_data,
DEV:hypochromia,pos_effect,,Pos,1.0,0,1,no_data,,no_data,,no_data,,no_data,,no_data,,no_data,,no_data,,320.0,mg/kg/day,no_data,,no_data,
DEV:implantations,no_effect,,Neg,0.0,0,1,no_data,,no_effect,,no_effect,,no_effect,,no_effect,,no_data,,no_effect,,no_effect,,no_effect,,no_data,
DEV:kidney,pos_effect,,Pos,1.0,0,1,no_data,,no_data,,no_data,,no_data,,64.0,mg/kg/day,no_data,,no_data,,no_data,,90.0,mg/kg/day,no_data,
"DEV:lipids, total",pos_effect,,Pos,1.0,0,1,no_data,,no_data,,no_data,,no_data,,no_data,,no_data,,no_data,,320.0,mg/kg/day,no_data,,no_data,
DEV:litter size,no_effect,,Neg,0.147,0.0,0.82,no_data,,140.0,mg/kg/day,no_effect,,no_effect,,no_effect,,no_data,,no_effect,,no_effect,,no_effect,,no_data,
DEV:litter viability other,no_effect,,Neg,0.0,0,1,no_data,,no_effect,,no_effect,,no_effect,,no_effect,,no_data,,no_effect,,no_effect,,no_effect,,no_data,
DEV:live fetuses,no_effect,,Neg,0.147,0.0,0.875,no_data,,no_effect,,no_effect,,no_effect,,64.0,mg/kg/day,no_data,,no_effect,,no_effect,,no_effect,,no_data,
DEV:liver,pos_effect,,Pos,1.0,0,1,no_data,,no_data,,no_data,,no_data,,no_data,,no_data,,120.0,mg/kg/day,320.0,mg/kg/day,no_data,,no_data,
DEV:lung,pos_effect,,Pos,1.0,0,1,no_data,,no_data,,no_data,,no_data,,no_data,,no_data,,no_data,,no_data,,90.0,mg/kg/day,no_data,
DEV:mean corpuscular (cell) volume (mcv),pos_effect,,Pos,1.0,0,1,no_data,,no_data,,no_data,,no_data,,no_data,,no_data,,no_data,,25.05,mg/kg/day,no_data,,no_data,
DEV:mortality,no_effect,,Neg,0.426,0.16666666666666666,0.9,no_data,,no_effect,,no_effect,,no_effect,,64.0,mg/kg/day,no_data,,2.0,mg/kg/day,no_effect,,20.0,mg/kg/day,no_data,
DEV:offspring survival early other,no_effect,,Neg,0.0,0,1,no_data,,no_effect,,no_effect,,no_effect,,no_effect,,no_data,,no_effect,,no_effect,,no_effect,,no_data,
DEV:other,no_effect,,Neg,0.0,0,1,no_data,,no_effect,,no_effect,,no_effect,,no_effect,,no_data,,no_effect,,no_effect,,no_effect,,no_data,
DEV:postimplantation loss,no_effect,,Neg,0.147,0.0,0.875,no_data,,no_effect,,no_effect,,no_effect,,64.0,mg/kg/day,no_data,,no_effect,,no_effect,,no_effect,,no_data,
DEV:pregnancy,no_effect,,Neg,0.0,0,1,no_data,,no_effect,,no_effect,,no_effect,,no_effect,,no_data,,no_effect,,no_effect,,no_effect,,no_data,
DEV:preimplantation loss,no_effect,,Neg,0.0,0,1,no_data,,no_effect,,no_effect,,no_effect,,no_effect,,no_data,,no_effect,,no_effect,,no_effect,,no_data,
DEV:premature delivery,no_effect,,Neg,0.147,0.0,0.86,no_data,,no_effect,,no_effect,,no_effect,,no_effect,,no_data,,2.0,mg/kg/day,no_effect,,no_effect,,no_data,
DEV:reproductive performance other,no_effect,,Neg,0.0,0,1,no_data,,no_effect,,no_effect,,no_effect,,no_effect,,no_data,,no_effect,,no_effect,,no_effect,,no_data,
DEV:resorptions,no_effect,,Neg,0.294,0.6,0.26,no_data,,no_effect,,no_effect,,no_effect,,32.0,mg/kg/day,no_data,,120.0,mg/kg/day,no_effect,,no_effect,,no_data,
DEV:sex ratio,no_effect,,Neg,0.0,0,1,no_data,,no_effect,,no_effect,,no_effect,,no_effect,,no_data,,no_effect,,no_effect,,no_effect,,no_data,
DEV:spinal cord,no_effect,,Neg,0.0,0,1,no_data,,no_effect,,no_effect,,no_effect,,no_effect,,no_data,,no_effect,,no_effect,,no_effect,,no_data,
DEV:spleen,pos_effect,,Pos,1.0,0,1,no_data,,no_data,,no_data,,no_data,,64.0,mg/kg/day,no_data,,no_data,,no_data,,no_data,,no_data,
DEV:stomach,pos_effect,,Pos,1.0,0,1,no_data,,no_data,,no_data,,no_data,,64.0,mg/kg/day,no_data,,no_data,,no_data,,no_data,,no_data,
DEV:thymus,pos_effect,,Pos,1.0,0,1,no_data,,no_data,,no_data,,no_data,,no_data,,no_data,,no_data,,no_data,,90.0,mg/kg/day,no_data,
DEV:trunk,no_effect,,Neg,0.147,0.0,0.875,no_data,,no_effect,,no_effect,,no_effect,,64.0,mg/kg/day,no_data,,no_effect,,no_effect,,no_effect,,no_data,
DEV:uterus,no_effect,,Neg,0.147,0.0,0.88,no_data,,140.0,mg/kg/day,no_effect,,no_effect,,no_effect,,no_data,,no_effect,,no_effect,,no_effect,,no_data,
DEV:water consumption,pos_effect,,Pos,1.0,0,1,no_data,,no_data,,no_data,,no_data,,no_data,,no_data,,no_data,,100.1,mg/kg/day,no_data,,no_data,
MGR:[other],no_effect,,Neg,0.0,0,1,no_data,,no_effect,,no_effect,,no_effect,,no_effect,,no_data,,no_data,,no_data,,no_data,,no_data,
MGR:aborted,no_effect,,Neg,0.0,0,1,no_data,,no_effect,,no_effect,,no_effect,,no_effect,,no_data,,no_data,,no_data,,no_data,,no_data,
MGR:adrenal gland,no_effect,,Neg,0.0,0,1,no_data,,no_effect,,no_effect,,no_effect,,no_effect,,no_data,,no_data,,no_data,,no_data,,no_data,
MGR:all gross anomalies,no_effect,,Neg,0.0,0,1,no_data,,no_effect,,no_effect,,no_effect,,no_effect,,no_data,,no_data,,no_data,,no_data,,no_data,
MGR:birth index,no_effect,,Neg,0.0,0,1,no_data,,no_effect,,no_effect,,no_effect,,no_effect,,no_data,,no_data,,no_data,,no_data,,no_data,
MGR:body weight,pos_effect,,Pos,1.0,0,1,no_data,,190.0,mg/kg/day,108.0,mg/kg/day,0.08,mg/kg/day,5.0,mg/kg/day,no_data,,no_data,,no_data,,no_data,,no_data,
MGR:brain,pos_effect,,Pos,0.5,0.0,0.365,no_data,,no_data,,108.0,mg/kg/day,no_effect,,no_data,,no_data,,no_data,,no_data,,no_data,,no_data,
MGR:cervix,no_effect,,Neg,0.0,0,1,no_data,,no_data,,no_data,,no_effect,,no_data,,no_data,,no_data,,no_data,,no_data,,no_data,
MGR:cholinesterase,pos_effect,,Pos,1.0,0,1,no_data,,no_data,,no_data,,0.08,mg/kg/day,no_data,,no_data,,no_data,,no_data,,no_data,,no_data,
MGR:clinical signs,no_effect,,Neg,0.25,0.0,0.74,no_data,,no_effect,,108.0,mg/kg/day,no_effect,,no_effect,,no_data,,no_data,,no_data,,no_data,,no_data,
MGR:coagulating gland,no_effect,,Neg,0.0,0,1,no_data,,no_data,,no_data,,no_effect,,no_data,,no_data,,no_data,,no_data,,no_data,,no_data,
MGR:corpora lutea,no_effect,,Neg,0.0,0,1,no_data,,no_effect,,no_effect,,no_effect,,no_effect,,no_data,,no_data,,no_data,,no_data,,no_data,
MGR:dead fetuses,no_effect,,Neg,0.25,0.0,0.775,no_data,,no_effect,,no_effect,,0.66,mg/kg/day,no_effect,,no_data,,no_data,,no_data,,no_data,,no_data,
MGR:dystocia,no_effect,,Neg,0.0,0,1,no_data,,no_effect,,no_effect,,no_effect,,no_effect,,no_data,,no_data,,no_data,,no_data,,no_data,
MGR:epididymis,no_effect,,Neg,0.25,0.0,0.705,no_data,,190.0,mg/kg/day,no_effect,,no_effect,,no_effect,,no_data,,no_data,,no_data,,no_data,,no_data,
MGR:estrous cycle,pos_effect,,Pos,0.5,0.0,0.47,no_data,,190.0,mg/kg/day,no_data,,no_effect,,no_data,,no_data,,no_data,,no_data,,no_data,,no_data,
MGR:fertility,pos_effect,,Pos,0.5,0.0,0.885,no_data,,195.0,mg/kg/day,no_effect,,no_effect,,25.0,mg/kg/day,no_data,,no_data,,no_data,,no_data,,no_data,
MGR:food consumption,pos_effect,,Pos,0.5,0.0,0.835,no_data,,87.0,mg/kg/day,no_effect,,1.76,mg/kg/day,no_effect,,no_data,,no_data,,no_data,,no_data,,no_data,
MGR:gestation index,no_effect,,Neg,0.0,0,1,no_data,,no_effect,,no_effect,,no_effect,,no_effect,,no_data,,no_data,,no_data,,no_data,,no_data,
MGR:gestational length,no_effect,,Neg,0.25,0.0,0.745,no_data,,190.0,mg/kg/day,no_effect,,no_effect,,no_effect,,no_data,,no_data,,no_data,,no_data,,no_data,
MGR:implantations,no_effect,,Neg,0.0,0,1,no_data,,no_effect,,no_effect,,no_effect,,no_effect,,no_data,,no_data,,no_data,,no_data,,no_data,
MGR:kidney,no_effect,,Neg,0.0,0,1,no_data,,no_data,,no_data,,no_effect,,no_data,,no_data,,no_data,,no_data,,no_data,,no_data,
MGR:lactation index,pos_effect,,Pos,0.5,0.0,0.865,no_data,,no_effect,,no_effect,,1.76,mg/kg/day,25.0,mg/kg/day,no_data,,no_data,,no_data,,no_data,,no_data,
MGR:litter size,pos_effect,,Pos,0.5,0.0,0.8,no_data,,190.0,mg/kg/day,no_effect,,no_effect,,25.0,mg/kg/day,no_data,,no_data,,no_data,,no_data,,no_data,
MGR:litter viability other,no_effect,,Neg,0.0,0,1,no_data,,no_effect,,no_effect,,no_effect,,no_effect,,no_data,,no_data,,no_data,,no_data,,no_data,
MGR:live fetuses,no_effect,,Neg,0.0,0,1,no_data,,no_effect,,no_effect,,no_effect,,no_effect,,no_data,,no_data,,no_data,,no_data,,no_data,
MGR:liver,no_effect,,Neg,0.0,0,1,no_data,,no_data,,no_data,,no_effect,,no_data,,no_data,,no_data,,no_data,,no_data,,no_data,
MGR:lung,pos_effect,,Pos,1.0,0,1,no_data,,no_data,,14.0,mg/kg/day,no_data,,no_data,,no_data,,no_data,,no_data,,no_data,,no_data,
MGR:mating,no_effect,,Neg,0.0,0,1,no_data,,no_effect,,no_effect,,no_effect,,no_effect,,no_data,,no_data,,no_data,,no_data,,no_data,
MGR:mortality,no_effect,,Neg,0.25,0.0,0.735,no_data,,no_effect,,no_effect,,no_effect,,25.0,mg/kg/day,no_data,,no_data,,no_data,,no_data,,no_data,
MGR:nipple development,no_effect,,Neg,0.0,0,1,no_data,,no_data,,no_data,,no_effect,,no_data,,no_data,,no_data,,no_data,,no_data,,no_data,
MGR:offspring survival early other,no_effect,,Neg,0.0,0,1,no_data,,no_effect,,no_effect,,no_effect,,no_effect,,no_data,,no_data,,no_data,,no_data,,no_data,
MGR:ovary,pos_effect,,Pos,0.5,0.0,0.77,no_data,,87.0,mg/kg/day,no_effect,,0.08,mg/kg/day,no_effect,,no_data,,no_data,,no_data,,no_data,,no_data,
MGR:oviduct,no_effect,,Neg,0.0,0,1,no_data,,no_data,,no_data,,no_effect,,no_data,,no_data,,no_data,,no_data,,no_data,,no_data,
MGR:pituitary gland,no_effect,,Neg,0.0,0,1,no_data,,no_effect,,no_effect,,no_effect,,no_effect,,no_data,,no_data,,no_data,,no_data,,no_data,
MGR:postimplantation loss,no_effect,,Neg,0.0,0,1,no_data,,no_effect,,no_effect,,no_effect,,no_effect,,no_data,,no_data,,no_data,,no_data,,no_data,
MGR:precoital interval,no_effect,,Neg,0.0,0,1,no_data,,no_effect,,no_effect,,no_effect,,no_effect,,no_data,,no_data,,no_data,,no_data,,no_data,
MGR:pregnancy,no_effect,,Neg,0.25,0.0,0.735,no_data,,190.0,mg/kg/day,no_effect,,no_effect,,no_effect,,no_data,,no_data,,no_data,,no_data,,no_data,
MGR:pregnancy index,no_effect,,Neg,0.0,0,1,no_data,,no_effect,,no_effect,,no_effect,,no_effect,,no_data,,no_data,,no_data,,no_data,,no_data,
MGR:preimplantation loss,no_effect,,Neg,0.0,0,1,no_data,,no_effect,,no_effect,,no_effect,,no_effect,,no_data,,no_data,,no_data,,no_data,,no_data,
MGR:premature delivery,no_effect,,Neg,0.0,0,1,no_data,,no_effect,,no_effect,,no_effect,,no_effect,,no_data,,no_data,,no_data,,no_data,,no_data,
MGR:preputial separation,no_effect,,Neg,0.0,0,1,no_data,,no_data,,no_data,,no_effect,,no_data,,no_data,,no_data,,no_data,,no_data,,no_data,
MGR:prostate,no_effect,,Neg,0.0,0,1,no_data,,no_effect,,no_effect,,no_effect,,no_effect,,no_data,,no_data,,no_data,,no_data,,no_data,
MGR:reproductive performance other,no_effect,,Neg,0.25,0.0,0.815,no_data,,195.0,mg/kg/day,no_effect,,no_effect,,no_effect,,no_data,,no_data,,no_data,,no_data,,no_data,
MGR:resorptions,no_effect,,Neg,0.0,0,1,no_data,,no_effect,,no_effect,,no_effect,,no_effect,,no_data,,no_data,,no_data,,no_data,,no_data,
MGR:seminal vesicle,no_effect,,Neg,0.0,0,1,no_data,,no_effect,,no_effect,,no_effect,,no_effect,,no_data,,no_data,,no_data,,no_data,,no_data,
MGR:sex ratio,no_effect,,Neg,0.0,0,1,no_data,,no_effect,,no_effect,,no_effect,,no_effect,,no_data,,no_data,,no_data,,no_data,,no_data,
MGR:sperm measure,no_effect,,Neg,0.0,0,1,no_data,,no_data,,no_data,,no_effect,,no_data,,no_data,,no_data,,no_data,,no_data,,no_data,
MGR:spleen,no_effect,,Neg,0.0,0,1,no_data,,no_data,,no_data,,no_effect,,no_data,,no_data,,no_data,,no_data,,no_data,,no_data,
MGR:testes,pos_effect,,Pos,0.5,0.0,0.86,no_data,,190.0,mg/kg/day,no_effect,,0.66,mg/kg/day,no_effect,,no_data,,no_data,,no_data,,no_data,,no_data,
MGR:thymus,no_effect,,Neg,0.0,0,1,no_data,,no_data,,no_data,,no_effect,,no_data,,no_data,,no_data,,no_data,,no_data,,no_data,
MGR:uterus,no_effect,,Neg,0.0,0,1,no_data,,no_effect,,no_effect,,no_effect,,no_effect,,no_data,,no_data,,no_data,,no_data,,no_data,
MGR:vagina,no_effect,,Neg,0.0,0,1,no_data,,no_effect,,no_effect,,no_effect,,no_effect,,no_data,,no_data,,no_data,,no_data,,no_data,
MGR:vaginal opening,no_effect,,Neg,0.0,0,1,no_data,,no_data,,no_data,,no_effect,,no_data,,no_data,,no_data,,no_data,,no_data,,no_data,
MGR:viability index,no_effect,,Neg,0.25,0.0,0.69,no_data,,no_effect,,no_effect,,no_effect,,25.0,mg/kg/day,no_data,,no_data,,no_data,,no_data,,no_data,
MGR:water consumption,pos_effect,,Pos,1.0,0,1,no_data,,24.0,mg/kg/day,no_data,,no_data,,no_data,,no_data,,no_data,,no_data,,no_data,,no_data,
SAC:adrenal gland,no_effect,,Neg,0.0,0,1,no_data,,no_data,,no_data,,no_data,,no_data,,no_data,,no_data,,no_data,,no_effect,,no_data,
SAC:albumin,no_effect,,Neg,0.0,0,1,no_data,,no_data,,no_data,,no_data,,no_data,,no_data,,no_data,,no_data,,no_effect,,no_data,
SAC:blood clotting,no_effect,,Neg,0.0,0,1,no_data,,no_data,,no_data,,no_data,,no_data,,no_data,,no_data,,no_data,,no_effect,,no_data,
SAC:body weight,pos_effect,,Pos,1.0,0,1,no_data,,no_data,,no_data,,no_data,,no_data,,no_data,,no_data,,no_data,,881.0,mg/kg/day,no_data,
SAC:bone marrow,no_effect,,Neg,0.0,0,1,no_data,,no_data,,no_data,,no_data,,no_data,,no_data,,no_data,,no_data,,no_effect,,no_data,
SAC:brain,pos_effect,,Pos,1.0,0,1,no_data,,no_data,,no_data,,no_data,,no_data,,no_data,,no_data,,no_data,,881.0,mg/kg/day,no_data,
SAC:cholesterol,pos_effect,,Pos,1.0,0,1,no_data,,no_data,,no_data,,no_data,,no_data,,no_data,,no_data,,no_data,,881.0,mg/kg/day,no_data,
SAC:clinical signs,pos_effect,,Pos,1.0,0,1,no_data,,no_data,,no_data,,no_data,,no_data,,no_data,,no_data,,no_data,,1149.0,mg/kg/day,no_data,
SAC:creatinine,no_effect,,Neg,0.0,0,1,no_data,,no_data,,no_data,,no_data,,no_data,,no_data,,no_data,,no_data,,no_effect,,no_data,
SAC:epididymis,no_effect,,Neg,0.0,0,1,no_data,,no_data,,no_data,,no_data,,no_data,,no_data,,no_data,,no_data,,no_effect,,no_data,
SAC:erythrocyte (rbc) count differential,pos_effect,,Pos,1.0,0,1,no_data,,no_data,,no_data,,no_data,,no_data,,no_data,,no_data,,no_data,,1149.0,mg/kg/day,no_data,
SAC:eye,no_effect,,Neg,0.0,0,1,no_data,,no_data,,no_data,,no_data,,no_data,,no_data,,no_data,,no_data,,no_effect,,no_data,
SAC:food consumption,pos_effect,,Pos,1.0,0,1,no_data,,no_data,,no_data,,no_data,,no_data,,no_data,,no_data,,no_data,,881.0,mg/kg/day,no_data,
SAC:full gross necropsy,no_effect,,Neg,0.0,0,1,no_data,,no_data,,no_data,,no_data,,no_data,,no_data,,no_data,,no_data,,no_effect,,no_data,
SAC:general,no_effect,,Neg,0.0,0,1,no_data,,no_data,,no_data,,no_data,,no_data,,no_data,,no_data,,no_data,,no_effect,,no_data,
SAC:globulins,pos_effect,,Pos,1.0,0,1,no_data,,no_data,,no_data,,no_data,,no_data,,no_data,,no_data,,no_data,,1149.0,mg/kg/day,no_data,
SAC:glucose,no_effect,,Neg,0.0,0,1,no_data,,no_data,,no_data,,no_data,,no_data,,no_data,,no_data,,no_data,,no_effect,,no_data,
SAC:heart,no_effect,,Neg,0.0,0,1,no_data,,no_data,,no_data,,no_data,,no_data,,no_data,,no_data,,no_data,,no_effect,,no_data,
SAC:hematocrit (hct),pos_effect,,Pos,1.0,0,1,no_data,,no_data,,no_data,,no_data,,no_data,,no_data,,no_data,,no_data,,1149.0,mg/kg/day,no_data,
SAC:hemoglobin (hgb),pos_effect,,Pos,1.0,0,1,no_data,,no_data,,no_data,,no_data,,no_data,,no_data,,no_data,,no_data,,1149.0,mg/kg/day,no_data,
SAC:intestine large,no_effect,,Neg,0.0,0,1,no_data,,no_data,,no_data,,no_data,,no_data,,no_data,,no_data,,no_data,,no_effect,,no_data,
SAC:intestine small,no_effect,,Neg,0.0,0,1,no_data,,no_data,,no_data,,no_data,,no_data,,no_data,,no_data,,no_data,,no_effect,,no_data,
SAC:kidney,pos_effect,,Pos,1.0,0,1,no_data,,no_data,,no_data,,no_data,,no_data,,no_data,,no_data,,no_data,,881.0,mg/kg/day,no_data,
SAC:leukocyte (wbc) count differential,pos_effect,,Pos,1.0,0,1,no_data,,no_data,,no_data,,no_data,,no_data,,no_data,,no_data,,no_data,,881.0,mg/kg/day,no_data,
SAC:liver,pos_effect,,Pos,1.0,0,1,no_data,,no_data,,no_data,,no_data,,no_data,,no_data,,no_data,,no_data,,881.0,mg/kg/day,no_data,
SAC:lung,no_effect,,Neg,0.0,0,1,no_data,,no_data,,no_data,,no_data,,no_data,,no_data,,no_data,,no_data,,no_effect,,no_data,
SAC:lymph node,no_effect,,Neg,0.0,0,1,no_data,,no_data,,no_data,,no_data,,no_data,,no_data,,no_data,,no_data,,no_effect,,no_data,
SAC:lymphocyte,pos_effect,,Pos,1.0,0,1,no_data,,no_data,,no_data,,no_data,,no_data,,no_data,,no_data,,no_data,,881.0,mg/kg/day,no_data,
SAC:mean corpuscular (cell) volume (mcv),pos_effect,,Pos,1.0,0,1,no_data,,no_data,,no_data,,no_data,,no_data,,no_data,,no_data,,no_data,,881.0,mg/kg/day,no_data,
SAC:mean corpuscular hemoglobin (mch),pos_effect,,Pos,1.0,0,1,no_data,,no_data,,no_data,,no_data,,no_data,,no_data,,no_data,,no_data,,881.0,mg/kg/day,no_data,
SAC:mortality,no_effect,,Neg,0.0,0,1,no_data,,no_data,,no_data,,no_data,,no_data,,no_data,,no_data,,no_data,,no_effect,,no_data,
SAC:nerve,no_effect,,Neg,0.0,0,1,no_data,,no_data,,no_data,,no_data,,no_data,,no_data,,no_data,,no_data,,no_effect,,no_data,
SAC:neutrophils,pos_effect,,Pos,1.0,0,1,no_data,,no_data,,no_data,,no_data,,no_data,,no_data,,no_data,,no_data,,881.0,mg/kg/day,no_data,
SAC:ovary,pos_effect,,Pos,1.0,0,1,no_data,,no_data,,no_data,,no_data,,no_data,,no_data,,no_data,,no_data,,1285.0,mg/kg/day,no_data,
SAC:phosphorus,pos_effect,,Pos,1.0,0,1,no_data,,no_data,,no_data,,no_data,,no_data,,no_data,,no_data,,no_data,,1149.0,mg/kg/day,no_data,
SAC:platelet,no_effect,,Neg,0.0,0,1,no_data,,no_data,,no_data,,no_data,,no_data,,no_data,,no_data,,no_data,,no_effect,,no_data,
SAC:potassium,no_effect,,Neg,0.0,0,1,no_data,,no_data,,no_data,,no_data,,no_data,,no_data,,no_data,,no_data,,no_effect,,no_data,
SAC:prostate,no_effect,,Neg,0.0,0,1,no_data,,no_data,,no_data,,no_data,,no_data,,no_data,,no_data,,no_data,,no_effect,,no_data,
SAC:protein,pos_effect,,Pos,1.0,0,1,no_data,,no_data,,no_data,,no_data,,no_data,,no_data,,no_data,,no_data,,1149.0,mg/kg/day,no_data,
SAC:seminal vesicle,no_effect,,Neg,0.0,0,1,no_data,,no_data,,no_data,,no_data,,no_data,,no_data,,no_data,,no_data,,no_effect,,no_data,
SAC:skin,no_effect,,Neg,0.0,0,1,no_data,,no_data,,no_data,,no_data,,no_data,,no_data,,no_data,,no_data,,no_effect,,no_data,
SAC:sodium,no_effect,,Neg,0.0,0,1,no_data,,no_data,,no_data,,no_data,,no_data,,no_data,,no_data,,no_data,,no_effect,,no_data,
SAC:spinal cord,no_effect,,Neg,0.0,0,1,no_data,,no_data,,no_data,,no_data,,no_data,,no_data,,no_data,,no_data,,no_effect,,no_data,
SAC:spleen,no_effect,,Neg,0.0,0,1,no_data,,no_data,,no_data,,no_data,,no_data,,no_data,,no_data,,no_data,,no_effect,,no_data,
SAC:stomach,no_effect,,Neg,0.0,0,1,no_data,,no_data,,no_data,,no_data,,no_data,,no_data,,no_data,,no_data,,no_effect,,no_data,
SAC:testes,pos_effect,,Pos,1.0,0,1,no_data,,no_data,,no_data,,no_data,,no_data,,no_data,,no_data,,no_data,,881.0,mg/kg/day,no_data,
SAC:thymus,no_effect,,Neg,0.0,0,1,no_data,,no_data,,no_data,,no_data,,no_data,,no_data,,no_data,,no_data,,no_effect,,no_data,
SAC:thyroid gland,no_effect,,Neg,0.0,0,1,no_data,,no_data,,no_data,,no_data,,no_data,,no_data,,no_data,,no_data,,no_effect,,no_data,
SAC:trachea,no_effect,,Neg,0.0,0,1,no_data,,no_data,,no_data,,no_data,,no_data,,no_data,,no_data,,no_data,,no_effect,,no_data,
SAC:triglycerides,pos_effect,,Pos,1.0,0,1,no_data,,no_data,,no_data,,no_data,,no_data,,no_data,,no_data,,no_data,,881.0,mg/kg/day,no_data,
SAC:urea nitrogen,pos_effect,,Pos,1.0,0,1,no_data,,no_data,,no_data,,no_data,,no_data,,no_data,,no_data,,no_data,,881.0,mg/kg/day,no_data,
SAC:urinary bladder,no_effect,,Neg,0.0,0,1,no_data,,no_data,,no_data,,no_data,,no_data,,no_data,,no_data,,no_data,,no_effect,,no_data,
SAC:uterus,no_effect,,Neg,0.0,0,1,no_data,,no_data,,no_data,,no_data,,no_data,,no_data,,no_data,,no_data,,no_effect,,no_data,
SUB:[other],pos_effect,,Pos,1.0,0,1,no_data,,40.0,mg/kg/day,no_data,,no_data,,no_data,,no_data,,no_data,,no_data,,no_data,,no_data,
SUB:adrenal gland,no_effect,,Neg,0.0,0,1,no_effect,,no_effect,,no_effect,,no_effect,,no_data,,no_data,,no_data,,no_effect,,no_effect,,no_effect,
SUB:alanine aminotransferase (alt/sgpt),no_effect,,Neg,0.404,0.0,0.67,24.4,ppm,no_effect,,no_data,,no_data,,no_data,,no_data,,no_data,,no_effect,,no_data,,no_data,
SUB:albumin,pos_effect,,Pos,0.69,0.0,0.675,no_data,,160.0,mg/kg/day,14.85,mg/kg/day,no_data,,no_data,,no_data,,no_data,,no_effect,,no_data,,no_data,
SUB:albumin-globulin ratio,pos_effect,,Pos,1.0,0,1,no_data,,no_data,,no_data,,no_data,,no_data,,no_data,,no_data,,no_data,,707.0,mg/kg/day,no_data,
SUB:alkaline phosphatase (alp/alk),pos_effect,,Pos,0.546,0.0,0.815,24.4,ppm,no_effect,,14.85,mg/kg/day,no_data,,no_data,,no_data,,no_data,,no_effect,,no_data,,no_data,
SUB:bile acids,no_effect,,Neg,0.0,0,1,no_data,,no_effect,,no_data,,no_data,,no_data,,no_data,,no_data,,no_effect,,no_data,,no_data,
SUB:blood,pos_effect,,Pos,1.0,0,1,no_data,,no_data,,no_data,,no_data,,no_data,,no_data,,no_data,,250.0,mg/kg/day,no_data,,no_data,
SUB:body weight,pos_effect,,Pos,0.871,0.0,0.855,0.03,ppm,40.0,mg/kg/day,14.85,mg/kg/day,3.2,mg/kg/day,no_data,,no_data,,no_data,,200.0,mg/kg/day,406.0,mg/kg/day,no_effect,
SUB:bone,no_effect,,Neg,0.0,0,1,no_data,,no_effect,,no_data,,no_data,,no_data,,no_data,,no_data,,no_effect,,no_data,,no_data,
SUB:bone marrow,no_effect,,Neg,0.15,0.0,0.84,no_effect,,no_data,,no_effect,,no_effect,,no_data,,no_data,,no_data,,115.0,mg/kg/day,no_effect,,no_effect,
SUB:brain,no_effect,,Neg,0.272,0.0,0.965,no_effect,,no_effect,,5.0,mg/kg/day,no_effect,,no_data,,no_data,,no_data,,no_effect,,406.0,mg/kg/day,no_effect,
SUB:calcium,pos_effect,,Pos,1.0,0,1,no_data,,no_data,,14.85,mg/kg/day,no_data,,no_data,,no_data,,no_data,,no_data,,no_data,,no_data,
SUB:cholesterol,no_effect,,Neg,0.321,0.0,0.715,no_data,,no_effect,,no_data,,no_data,,no_data,,no_data,,no_data,,no_effect,,349.0,mg/kg/day,no_data,
SUB:cholinesterase,pos_effect,,Pos,1.0,0,1,no_data,,no_data,,no_data,,0.025,mg/kg/day,no_data,,no_data,,no_data,,no_data,,no_data,,no_data,
SUB:clinical signs,pos_effect,,Pos,0.544,0.0,0.985,no_effect,,80.0,mg/kg/day,5.0,mg/kg/day,no_effect,,no_data,,no_data,,no_data,,40.0,mg/kg/day,349.0,mg/kg/day,no_effect,
SUB:clitoral gland,no_effect,,Neg,0.0,0,1,no_data,,no_effect,,no_data,,no_data,,no_data,,no_data,,no_data,,no_effect,,no_data,,no_data,
SUB:creatine phosphokinase,no_effect,,Neg,0.0,0,1,no_data,,no_effect,,no_data,,no_data,,no_data,,no_data,,no_data,,no_effect,,no_data,,no_data,
SUB:creatinine,pos_effect,,Pos,0.643,0.0,0.64,no_data,,no_effect,,no_data,,no_data,,no_data,,no_data,,no_data,,130.0,mg/kg/day,no_data,,0.625,mg/kg/day
SUB:ear,no_effect,,Neg,0.0,0,1,no_effect,,no_data,,no_effect,,no_effect,,no_data,,no_data,,no_data,,no_effect,,no_effect,,no_effect,
SUB:eosinophils,pos_effect,,Pos,1.0,0,1,no_data,,80.0,mg/kg/day,no_data,,no_data,,no_data,,no_data,,no_data,,no_data,,no_data,,no_data,
SUB:epididymis,no_effect,,Neg,0.272,0.0,0.945,no_effect,,160.0,mg/kg/day,no_effect,,no_effect,,no_data,,no_data,,no_data,,no_effect,,707.0,mg/kg/day,no_effect,
SUB:erythrocyte (rbc) count differential,pos_effect,,Pos,1.0,0,1,24.4,ppm,40.0,mg/kg/day,14.85,mg/kg/day,no_data,,no_data,,no_data,,no_data,,200.0,mg/kg/day,707.0,mg/kg/day,no_data,
SUB:esophagus,no_effect,,Neg,0.0,0,1,no_effect,,no_effect,,no_effect,,no_effect,,no_data,,no_data,,no_data,,no_effect,,no_effect,,no_effect,
SUB:estrous cycle,pos_effect,,Pos,1.0,0,1,no_data,,no_data,,no_data,,no_data,,no_data,,no_data,,no_data,,445.0,mg/kg/day,no_data,,no_data,
SUB:eye,no_effect,,Neg,0.0,0,1,no_effect,,no_effect,,no_effect,,no_effect,,no_data,,no_data,,no_data,,no_effect,,no_effect,,no_effect,
SUB:flouride,pos_effect,,Pos,1.0,0,1,no_data,,no_data,,14.85,mg/kg/day,no_data,,no_data,,no_data,,no_data,,no_data,,no_data,,no_data,
SUB:food consumption,no_effect,,Neg,0.15,0.0,0.88,no_effect,,no_data,,no_effect,,no_effect,,no_data,,no_data,,no_data,,no_effect,,406.0,mg/kg/day,no_effect,
SUB:full gross necropsy,no_effect,,Neg,0.0,0,1,no_effect,,no_effect,,no_effect,,no_effect,,no_data,,no_data,,no_data,,no_effect,,no_effect,,no_effect,
SUB:gallbladder,no_effect,,Neg,0.0,0,1,no_data,,no_effect,,no_data,,no_data,,no_data,,no_data,,no_data,,no_effect,,no_data,,no_data,
SUB:globulins,pos_effect,,Pos,1.0,0,1,no_data,,no_data,,14.85,mg/kg/day,no_data,,no_data,,no_data,,no_data,,no_data,,349.0,mg/kg/day,no_data,
SUB:glucose,no_effect,,Neg,0.321,0.0,0.66,no_data,,no_effect,,no_data,,no_data,,no_data,,no_data,,no_data,,no_effect,,no_data,,0.625,mg/kg/day
SUB:harderian gland,no_effect,,Neg,0.0,0,1,no_data,,no_effect,,no_data,,no_data,,no_data,,no_data,,no_data,,no_effect,,no_data,,no_data,
SUB:heart,no_effect,,Neg,0.272,0.0,0.97,no_effect,,no_effect,,100.0,ppm,no_effect,,no_data,,no_data,,no_data,,840.0,mg/kg/day,no_effect,,no_effect,
SUB:hematocrit (hct),pos_effect,,Pos,1.0,0,1,no_data,,40.0,mg/kg/day,no_data,,no_data,,no_data,,no_data,,no_data,,225.0,mg/kg/day,707.0,mg/kg/day,no_data,
SUB:hemoglobin (hgb),pos_effect,,Pos,1.0,0,1,no_data,,40.0,mg/kg/day,no_data,,no_data,,no_data,,no_data,,no_data,,200.0,mg/kg/day,707.0,mg/kg/day,no_data,
SUB:intestine large,no_effect,,Neg,0.0,0,1,no_effect,,no_effect,,no_effect,,no_effect,,no_data,,no_data,,no_data,,no_effect,,no_effect,,no_effect,
SUB:intestine small,no_effect,,Neg,0.0,0,1,no_effect,,no_effect,,no_effect,,no_effect,,no_data,,no_data,,no_data,,no_effect,,no_effect,,no_effect,
SUB:kidney,pos_effect,,Pos,0.53,0.5,0.41,no_effect,,no_effect,,14.85,mg/kg/day,no_effect,,no_data,,no_data,,no_data,,200.0,mg/kg/day,707.0,mg/kg/day,0.625,mg/kg/day
SUB:lacrimal gland,no_effect,,Neg,0.0,0,1,no_effect,,no_data,,no_effect,,no_data,,no_data,,no_data,,no_data,,no_data,,no_data,,no_data,
SUB:larynx,no_effect,,Neg,0.143,0.0,0.87,no_effect,,no_effect,,180.0,mg/kg/day,no_effect,,no_data,,no_data,,no_data,,no_effect,,no_effect,,no_effect,
SUB:leukocyte (wbc) count differential,pos_effect,,Pos,0.526,0.0,0.605,no_data,,80.0,mg/kg/day,no_data,,no_data,,no_data,,no_data,,no_data,,no_effect,,no_data,,no_data,
SUB:liver,pos_effect,,Pos,0.53,0.5,0.42,no_effect,,no_effect,,5.0,mg/kg/day,no_effect,,no_data,,no_data,,no_data,,840.0,mg/kg/day,349.0,mg/kg/day,0.625,mg/kg/day
SUB:lung,no_effect,,Neg,0.456,0.08333333333333333,0.92,0.001,ppm,no_effect,,14.85,mg/kg/day,no_effect,,no_data,,no_data,,no_data,,no_effect,,no_effect,,0.625,mg/kg/day
SUB:lymph node,no_effect,,Neg,0.215,0.0,0.83,24.4,ppm,no_data,,no_effect,,no_effect,,no_data,,no_data,,no_data,,no_effect,,no_effect,,no_effect,
SUB:lymphocyte,pos_effect,,Pos,1.0,0,1,no_data,,160.0,mg/kg/day,no_data,,no_data,,no_data,,no_data,,no_data,,no_data,,no_data,,no_data,
SUB:mammary gland,no_effect,,Neg,0.0,0,1,no_effect,,no_effect,,no_effect,,no_effect,,no_data,,no_data,,no_data,,no_effect,,no_effect,,no_effect,
SUB:mean corpuscular (cell) volume (mcv),pos_effect,,Pos,1.0,0,1,no_data,,40.0,mg/kg/day,no_data,,no_data,,no_data,,no_data,,no_data,,200.0,mg/kg/day,794.0,mg/kg/day,no_data,
SUB:mean corpuscular hemoglobin (mch),pos_effect,,Pos,1.0,0,1,no_data,,80.0,mg/kg/day,no_data,,no_data,,no_data,,no_data,,no_data,,200.0,mg/kg/day,794.0,mg/kg/day,no_data,
SUB:mean corpuscular hemoglobin concentration (mchc),pos_effect,,Pos,1.0,0,1,no_data,,80.0,mg/kg/day,no_data,,no_data,,no_data,,no_data,,no_data,,200.0,mg/kg/day,no_data,,no_data,
SUB:methemoglobin,pos_effect,,Pos,1.0,0,1,no_data,,no_data,,no_data,,no_data,,no_data,,no_data,,no_data,,30.0,mg/kg/day,no_data,,no_data,
SUB:monocytes,pos_effect,,Pos,1.0,0,1,no_data,,80.0,mg/kg/day,no_data,,no_data,,no_data,,no_data,,no_data,,no_data,,no_data,,no_data,
SUB:mortality,no_effect,,Neg,0.272,0.0,0.98,no_effect,,no_effect,,180.0,mg/kg/day,no_effect,,no_data,,no_data,,no_data,,250.0,mg/kg/day,no_effect,,no_effect,
SUB:nerve,no_effect,,Neg,0.0,0,1,no_effect,,no_effect,,no_effect,,no_effect,,no_data,,no_data,,no_data,,no_effect,,no_effect,,no_effect,
SUB:neutrophils,pos_effect,,Pos,1.0,0,1,0.03,ppm,80.0,mg/kg/day,no_data,,no_data,,no_data,,no_data,,no_data,,no_data,,no_data,,no_data,
SUB:non-protein sulfhydryl (npsh),pos_effect,,Pos,1.0,0,1,no_data,,no_data,,no_data,,no_data,,no_data,,no_data,,no_data,,no_data,,no_data,,0.625,mg/kg/day
SUB:nose,no_effect,,Neg,0.327,0.0,0.965,14.13,ppm,no_effect,,1.49,mg/kg/day,no_effect,,no_data,,no_data,,no_data,,no_effect,,no_effect,,no_effect,
SUB:nucleated red blood cell (nrbc),pos_effect,,Pos,1.0,0,1,no_data,,80.0,mg/kg/day,no_data,,no_data,,no_data,,no_data,,no_data,,200.0,mg/kg/day,no_data,,no_data,
SUB:ovary,no_effect,,Neg,0.0,0,1,no_effect,,no_effect,,no_effect,,no_effect,,no_data,,no_data,,no_data,,no_effect,,no_effect,,no_effect,
SUB:pancreas,no_effect,,Neg,0.143,0.0,0.88,no_effect,,80.0,mg/kg/day,no_effect,,no_effect,,no_data,,no_data,,no_data,,no_effect,,no_effect,,no_effect,
SUB:parathyroid gland,no_effect,,Neg,0.0,0,1,no_effect,,no_effect,,no_effect,,no_effect,,no_data,,no_data,,no_data,,no_effect,,no_effect,,no_effect,
SUB:ph,no_effect,,Neg,0.0,0,1,no_effect,,no_data,,no_effect,,no_data,,no_data,,no_data,,no_data,,no_data,,no_data,,no_data,
SUB:pharynx,no_effect,,Neg,0.0,0,1,no_effect,,no_data,,no_effect,,no_effect,,no_data,,no_data,,no_data,,no_effect,,no_effect,,no_effect,
SUB:pituitary gland,no_effect,,Neg,0.0,0,1,no_effect,,no_effect,,no_effect,,no_effect,,no_data,,no_data,,no_data,,no_effect,,no_effect,,no_effect,
SUB:platelet,pos_effect,,Pos,1.0,0,1,no_data,,40.0,mg/kg/day,14.85,mg/kg/day,no_data,,no_data,,no_data,,no_data,,225.0,mg/kg/day,no_data,,no_data,
SUB:preputial gland,no_effect,,Neg,0.0,0,1,no_data,,no_effect,,no_data,,no_data,,no_data,,no_data,,no_data,,no_effect,,no_data,,no_data,
SUB:prostate,no_effect,,Neg,0.0,0,1,no_effect,,no_effect,,no_effect,,no_effect,,no_data,,no_data,,no_data,,no_effect,,no_effect,,no_effect,
SUB:protein,pos_effect,,Pos,0.5,0.0,0.88,no_data,,no_effect,,14.85,mg/kg/day,no_data,,no_data,,no_data,,no_data,,no_effect,,349.0,mg/kg/day,no_data,
SUB:reticulocyte,pos_effect,,Pos,1.0,0,1,no_data,,160.0,mg/kg/day,no_data,,no_data,,no_data,,no_data,,no_data,,200.0,mg/kg/day,no_data,,no_data,
SUB:salivary glands,no_effect,,Neg,0.0,0,1,no_effect,,no_effect,,no_effect,,no_effect,,no_data,,no_data,,no_data,,no_effect,,no_effect,,no_effect,
SUB:seminal vesicle,no_effect,,Neg,0.0,0,1,no_effect,,no_effect,,no_effect,,no_effect,,no_data,,no_data,,no_data,,no_effect,,no_effect,,no_effect,
SUB:skeletal muscle,no_effect,,Neg,0.0,0,1,no_data,,no_effect,,no_data,,no_data,,no_data,,no_data,,no_data,,no_effect,,no_data,,no_data,
SUB:skin,no_effect,,Neg,0.0,0,1,no_effect,,no_effect,,no_effect,,no_effect,,no_data,,no_data,,no_data,,no_effect,,no_effect,,no_effect,
SUB:sorbitol dehydrogenase,no_effect,,Neg,0.0,0,1,no_data,,no_effect,,no_data,,no_data,,no_data,,no_data,,no_data,,no_effect,,no_data,,no_data,
SUB:specific gravity/osmolality,pos_effect,,Pos,1.0,0,1,no_data,,no_data,,14.85,mg/kg/day,no_data,,no_data,,no_data,,no_data,,no_data,,no_data,,no_data,
SUB:sperm measure,pos_effect,,Pos,1.0,0,1,no_data,,no_data,,no_data,,no_data,,no_data,,no_data,,no_data,,115.0,mg/kg/day,no_data,,no_data,
SUB:spinal cord,no_effect,,Neg,0.0,0,1,no_effect,,no_data,,no_effect,,no_effect,,no_data,,no_data,,no_data,,no_effect,,no_effect,,no_effect,
SUB:spleen,no_effect,,Neg,0.129,0.0,0.865,no_effect,,no_effect,,no_effect,,no_effect,,no_data,,no_data,,no_data,,115.0,mg/kg/day,no_effect,,no_effect,
SUB:stomach,no_effect,,Neg,0.129,0.0,0.85,no_effect,,no_effect,,no_effect,,no_effect,,no_data,,no_data,,no_data,,310.0,mg/kg/day,no_effect,,no_effect,
SUB:testes,pos_effect,,Pos,0.544,0.0,0.975,no_effect,,160.0,mg/kg/day,14.85,mg/kg/day,no_effect,,no_data,,no_data,,no_data,,750.0,mg/kg/day,707.0,mg/kg/day,no_effect,
SUB:thymus,no_effect,,Neg,0.327,0.0,0.96,24.4,ppm,no_effect,,14.85,mg/kg/day,no_effect,,no_data,,no_data,,no_data,,no_effect,,no_effect,,no_effect,
SUB:thyroid gland,no_effect,,Neg,0.143,0.0,0.845,no_effect,,no_effect,,100.0,ppm,no_effect,,no_data,,no_data,,no_data,,no_effect,,no_effect,,no_effect,
SUB:tongue,no_effect,,Neg,0.0,0,1,no_data,,no_effect,,no_data,,no_data,,no_data,,no_data,,no_data,,no_effect,,no_data,,no_data,
SUB:trachea,no_effect,,Neg,0.143,0.0,0.86,no_effect,,no_effect,,100.0,ppm,no_effect,,no_data,,no_data,,no_data,,no_effect,,no_effect,,no_effect,
SUB:triglycerides,no_effect,,Neg,0.321,0.0,0.635,no_data,,no_effect,,no_data,,no_data,,no_data,,no_data,,no_data,,no_effect,,no_data,,0.00625,mg/kg/day
SUB:urea nitrogen,no_effect,,Neg,0.474,0.0,0.435,no_data,,no_effect,,no_data,,no_data,,no_data,,no_data,,no_data,,30.0,mg/kg/day,no_data,,no_data,
SUB:urinary bladder,no_effect,,Neg,0.0,0,1,no_effect,,no_effect,,no_effect,,no_effect,,no_data,,no_data,,no_data,,no_effect,,no_effect,,no_effect,
SUB:uterus,no_effect,,Neg,0.0,0,1,no_effect,,no_effect,,no_effect,,no_effect,,no_data,,no_data,,no_data,,no_effect,,no_effect,,no_effect,
SUB:vagina,no_effect,,Neg,0.0,0,1,no_data,,no_effect,,no_data,,no_data,,no_data,,no_data,,no_data,,no_effect,,no_data,,no_data,
SUB:volume,pos_effect,,Pos,1.0,0,1,no_data,,no_data,,no_data,,no_data,,no_data,,no_data,,no_data,,no_data,,no_data,,0.625,mg/kg/day
SUB:water consumption,pos_effect,,Pos,1.0,0,1,no_data,,no_data,,no_data,,no_data,,no_data,,no_data,,no_data,,225.0,mg/kg/day,no_data,,no_data,
