chem_id,DTXCID209612,DTXCID209612_units,pred_class,ACT,AUC,pval,DTXCID50778,DTXCID50778_units,DTXCID405975,DTXCID405975_units,DTXCID00809691,DTXCID00809691_units,DTXCID101327,DTXCID101327_units,DTXCID104176,DTXCID104176_units,DTXCID109600,DTXCID109600_units,DTXCID7012535,DTXCID7012535_units,DTXCID601717,DTXCID601717_units,DTXCID7014496,DTXCID7014496_units,DTXCID40759,DTXCID40759_units,DTXCID901780,DTXCID901780_units,DTXCID9012359,DTXCID9012359_units,DTXCID4012649,DTXCID4012649_units,DTXCID60242,DTXCID60242_units,DTXCID901808,DTXCID901808_units
role,target,,,,,,analog,,analog,,analog,,analog,,analog,,analog,,analog,,analog,,analog,,analog,,analog,,analog,,analog,,analog,,analog,
preferred name,Limonene,,,,,,D-Limonene,,R-(+)-Pulegone,,alpha-Isomethylionone,,Tetrahydrocannabinol,,Methacrylonitrile,,Methacrylamide,,Trinexapac-ethyl,,4-Chloro-3-methylphenol,,Unnamed chemical,,Isophorone,,Diethyl phthalate,,Cyprodinil,,Tetramethrin,,Captafol,,o-Cresol,
dsstox_sid,DTXSID2029612,,,,,,DTXSID1020778,,DTXSID2025975,,DTXSID7027047,,DTXSID6021327,,DTXSID1024176,,DTXSID8029600,,DTXSID9032535,,DTXSID4021717,,,,DTXSID8020759,,DTXSID7021780,,DTXSID1032359,,DTXSID6032649,,DTXSID4020242,,DTXSID8021808,
dsstox_cid,DTXCID209612,,,,,,DTXCID50778,,DTXCID405975,,DTXCID00809691,,DTXCID101327,,DTXCID104176,,DTXCID109600,,DTXCID7012535,,DTXCID601717,,DTXCID7014496,,DTXCID40759,,DTXCID901780,,DTXCID9012359,,DTXCID4012649,,DTXCID60242,,DTXCID901808,
similarity,1.00001,,,,,,1.0,,0.1666666667,,0.1578947368,,0.15,,0.1470588235,,0.1428571429,,0.1403508772,,0.1333333333,,0.1320754717,,0.1304347826,,0.125,,0.125,,0.125,,0.1228070175,,0.1219512195,
Mass g/mol,136.238,,,,,,136.238,,152.237,,206.329,,314.469,,67.091,,85.106,,252.266,,142.58,,250.263,,138.21,,222.24,,225.295,,331.412,,349.05,,108.14,
Melting °C,-85.0459,,,,,,-85.0459,,12.0429,,15.5437,,133.72,,-36.6608,,109.973,,36.2782,,66.7808,,186.223,,-7.78827,,-21.0426,,76.005,,69.0098,,160.458,,29.7586,
Boiling °C,175.173,,,,,,175.173,,224.091,,271.205,,328.313,,90.4457,,214.972,,305.802,,234.508,,290.872,,216.014,,299.636,,348.111,,339.127,,302.243,,191.34,
log Kow ,4.51408,,,,,,4.51408,,3.07682,,4.38167,,7.16361,,0.677833,,-1.10791,,1.59989,,3.09116,,-1.95861,,1.70616,,2.44414,,3.99844,,4.72729,,3.79851,,1.95091,
Vap. press. mmHg,1.5412,,,,,,1.5412,,0.123619,,0.0553989,,1.01624e-08,,70.524,,0.0842602,,1.60885e-05,,0.049796,,1.5182e-07,,0.440752,,0.0020989,,3.66586e-06,,7.03012e-06,,2.6016e-06,,0.302446,
Water sol. mol/L,9.09154e-05,,,,,,9.09154e-05,,0.0100681,,0.00105021,,1.28204e-05,,0.381525,,7.47619,,0.000676559,,0.0269456,,0.00979382,,0.0887907,,0.0046492,,5.76269e-05,,6.48624e-06,,4.0854e-06,,0.237672,
Henry's Law atm-m3/mole,0.022543,,,,,,0.022543,,0.000344613,,0.000324995,,8.39886e-10,,1.09058e-05,,2.18588e-08,,1.29652e-08,,1.13034e-06,,8.52527e-08,,3.69736e-05,,2.36661e-08,,2.52947e-08,,9.76411e-06,,4.19753e-06,,1.18058e-06,
Hydrogen Bond Donors ,,,,,,,,,,,,,,,,,,,,,,,,,,,,,,,,,,,,
Hydrogen Bond Acceptors ,,,,,,,,,,,,,,,,,,,,,,,,,,,,,,,,,,,,
CHR:[other],pos_effect,,Pos,1.0,0,1,no_data,,no_data,,no_data,,no_data,,no_data,,no_data,,no_data,,no_data,,no_data,,no_data,,0.57,mg/kg/day,no_data,,no_data,,no_data,,no_data,
CHR:adrenal gland,no_effect,,Neg,0.195,0.0,0.995,no_effect,,no_effect,,no_data,,12.5,mg/kg/day,no_data,,no_data,,no_data,,no_data,,no_effect,,250.0,mg/kg/day,no_effect,,no_effect,,75.0,mg/kg/day,no_effect,,no_data,
CHR:alanine aminotransferase (alt/sgpt),pos_effect,,Pos,1.0,0,1,no_data,,no_data,,no_data,,no_data,,no_data,,no_data,,no_data,,no_data,,no_data,,no_data,,0.57,mg/kg/day,no_data,,no_data,,40.0,mg/kg/day,no_data,
CHR:albumin,pos_effect,,Pos,1.0,0,1,no_data,,no_data,,no_data,,no_data,,no_data,,no_data,,no_data,,no_data,,no_data,,no_data,,no_data,,no_data,,no_data,,40.0,mg/kg/day,no_data,
CHR:albumin-globulin ratio,pos_effect,,Pos,1.0,0,1,no_data,,no_data,,no_data,,no_data,,no_data,,no_data,,no_data,,no_data,,no_data,,no_data,,no_data,,no_data,,no_data,,54.8,mg/kg/day,no_data,
CHR:appearance and color,no_effect,,Neg,0.0,0,1,no_data,,no_data,,no_data,,no_data,,no_data,,no_data,,no_data,,no_data,,no_effect,,no_data,,no_effect,,no_effect,,no_effect,,no_effect,,no_data,
CHR:aspartate aminotransferase (ast/sgot),pos_effect,,Pos,1.0,0,1,no_data,,no_data,,no_data,,no_data,,no_data,,no_data,,no_data,,no_data,,no_data,,no_data,,0.57,mg/kg/day,no_data,,no_data,,40.0,mg/kg/day,no_data,
CHR:bilirubin,pos_effect,,Pos,1.0,0,1,no_data,,no_data,,no_data,,no_data,,no_data,,no_data,,no_data,,no_data,,no_data,,no_data,,no_data,,no_data,,no_data,,40.0,mg/kg/day,no_data,
CHR:blood,pos_effect,,Pos,1.0,0,1,no_data,,no_data,,no_data,,no_data,,no_data,,no_data,,no_data,,no_data,,no_data,,250.0,mg/kg/day,no_data,,no_data,,no_data,,no_data,,no_data,
CHR:body weight,pos_effect,,Pos,0.928,0.0,0.89,150.0,mg/kg/day,75.0,mg/kg/day,no_data,,no_effect,,no_data,,no_data,,no_data,,no_data,,968.0,mg/kg/day,500.0,mg/kg/day,0.369,mg/kg/day,446.37,mg/kg/day,300.0,mg/kg/day,40.0,mg/kg/day,no_data,
CHR:bone,no_effect,,Neg,0.0,0,1,no_effect,,no_effect,,no_data,,no_effect,,no_data,,no_data,,no_data,,no_data,,no_data,,no_effect,,no_effect,,no_data,,no_data,,no_data,,no_data,
CHR:bone marrow,no_effect,,Neg,0.209,0.0,0.845,no_data,,75.0,mg/kg/day,no_data,,no_data,,no_data,,no_data,,no_data,,no_data,,no_effect,,no_data,,no_effect,,no_effect,,no_effect,,no_effect,,no_data,
CHR:brain,no_effect,,Neg,0.072,0.0,0.915,no_effect,,no_effect,,no_data,,12.5,mg/kg/day,no_data,,no_data,,no_data,,no_data,,no_effect,,no_effect,,no_effect,,no_effect,,no_effect,,no_effect,,no_data,
CHR:calcium,pos_effect,,Pos,1.0,0,1,no_data,,no_data,,no_data,,no_data,,no_data,,no_data,,no_data,,no_data,,no_data,,no_data,,no_data,,no_data,,no_data,,2.0,mg/kg/day,no_data,
CHR:cholesterol,pos_effect,,Pos,1.0,0,1,no_data,,no_data,,no_data,,no_data,,no_data,,no_data,,no_data,,no_data,,no_data,,no_data,,1.425,mg/kg/day,no_data,,no_data,,no_data,,no_data,
CHR:clinical signs,no_effect,,Neg,0.272,0.0,0.995,no_effect,,75.0,mg/kg/day,no_data,,12.5,mg/kg/day,no_data,,no_data,,no_data,,no_data,,no_effect,,no_effect,,0.123,mg/kg/day,no_effect,,no_effect,,40.0,mg/kg/day,no_data,
CHR:clitoral gland,no_effect,,Neg,0.0,0,1,no_effect,,no_effect,,no_data,,no_effect,,no_data,,no_data,,no_data,,no_data,,no_data,,no_effect,,no_effect,,no_data,,no_data,,no_data,,no_data,
CHR:creatinine,pos_effect,,Pos,1.0,0,1,no_data,,no_data,,no_data,,no_data,,no_data,,no_data,,no_data,,no_data,,no_data,,no_data,,no_data,,no_data,,no_data,,40.0,mg/kg/day,no_data,
CHR:ear,no_effect,,Neg,0.0,0,1,no_data,,no_data,,no_data,,no_data,,no_data,,no_data,,no_data,,no_data,,no_effect,,no_data,,no_effect,,no_effect,,no_effect,,no_effect,,no_data,
CHR:epididymis,no_effect,,Neg,0.0,0,1,no_effect,,no_effect,,no_data,,no_effect,,no_data,,no_data,,no_data,,no_data,,no_effect,,no_effect,,no_effect,,no_effect,,no_effect,,no_effect,,no_data,
CHR:erythrocyte (rbc) count differential,no_effect,,Neg,0.0,0,1,no_data,,no_data,,no_data,,no_data,,no_data,,no_data,,no_data,,no_data,,no_effect,,no_data,,no_data,,no_effect,,no_data,,no_effect,,no_data,
CHR:esophagus,no_effect,,Neg,0.0,0,1,no_effect,,no_effect,,no_data,,no_effect,,no_data,,no_data,,no_data,,no_data,,no_effect,,no_effect,,no_effect,,no_effect,,no_effect,,no_effect,,no_data,
CHR:eye,no_effect,,Neg,0.08,0.0,0.84,no_effect,,150.0,mg/kg/day,no_data,,no_effect,,no_data,,no_data,,no_data,,no_data,,no_effect,,no_effect,,no_effect,,no_effect,,no_effect,,no_effect,,no_data,
CHR:follicle stimulating hormone (fsh),pos_effect,,Pos,1.0,0,1,no_data,,no_data,,no_data,,12.5,mg/kg/day,no_data,,no_data,,no_data,,no_data,,no_data,,no_data,,no_data,,no_data,,no_data,,no_data,,no_data,
CHR:food consumption,no_effect,,Neg,0.408,0.0,0.93,no_data,,no_data,,no_data,,no_data,,no_data,,no_data,,no_data,,no_data,,2847.0,mg/kg/day,no_data,,no_effect,,446.37,mg/kg/day,no_effect,,no_effect,,no_data,
CHR:full gross necropsy,no_effect,,Neg,0.059,0.0,0.885,no_effect,,no_effect,,no_data,,no_effect,,no_data,,no_data,,no_data,,no_data,,no_effect,,no_effect,,no_effect,,no_effect,,no_effect,,54.8,mg/kg/day,no_data,
CHR:gallbladder,no_effect,,Neg,0.0,0,1,no_effect,,no_effect,,no_data,,no_effect,,no_data,,no_data,,no_data,,no_data,,no_data,,no_effect,,no_effect,,no_data,,no_data,,no_data,,no_data,
CHR:globulins,pos_effect,,Pos,1.0,0,1,no_data,,no_data,,no_data,,no_data,,no_data,,no_data,,no_data,,no_data,,no_data,,no_data,,no_data,,no_data,,no_data,,54.8,mg/kg/day,no_data,
CHR:glucose,no_effect,,Neg,0.195,0.0,0.76,no_data,,no_data,,no_data,,no_data,,no_data,,no_data,,no_data,,no_data,,no_effect,,no_data,,no_effect,,no_effect,,no_effect,,2.0,mg/kg/day,no_data,
CHR:harderian gland,no_effect,,Neg,0.0,0,1,no_effect,,no_effect,,no_data,,no_effect,,no_data,,no_data,,no_data,,no_data,,no_data,,no_effect,,no_effect,,no_data,,no_data,,no_data,,no_data,
CHR:heart,no_effect,,Neg,0.08,0.0,0.86,no_effect,,150.0,mg/kg/day,no_data,,no_effect,,no_data,,no_data,,no_data,,no_data,,no_effect,,no_effect,,no_effect,,no_effect,,no_effect,,no_effect,,no_data,
CHR:intestine large,no_effect,,Neg,0.0,0,1,no_effect,,no_effect,,no_data,,no_effect,,no_data,,no_data,,no_data,,no_data,,no_effect,,no_effect,,no_effect,,no_effect,,no_effect,,no_effect,,no_data,
CHR:intestine small,no_effect,,Neg,0.0,0,1,no_effect,,no_effect,,no_data,,no_effect,,no_data,,no_data,,no_data,,no_data,,no_effect,,no_effect,,no_effect,,no_effect,,no_effect,,no_effect,,no_data,
CHR:kidney,pos_effect,,Pos,0.868,0.0,0.96,75.0,mg/kg/day,37.5,mg/kg/day,no_data,,no_effect,,no_data,,no_data,,no_data,,no_data,,200.0,mg/kg/day,250.0,mg/kg/day,650.0,mg/kg/day,87.1,mg/kg/day,no_effect,,54.8,mg/kg/day,no_data,
CHR:lactic acid dehydrogenase (ldh),pos_effect,,Pos,1.0,0,1,no_data,,no_data,,no_data,,no_data,,no_data,,no_data,,no_data,,no_data,,no_data,,no_data,,0.57,mg/kg/day,no_data,,no_data,,250.0,mg/kg/day,no_data,
CHR:larynx,no_effect,,Neg,0.0,0,1,no_effect,,no_effect,,no_data,,no_effect,,no_data,,no_data,,no_data,,no_data,,no_effect,,no_effect,,no_effect,,no_effect,,no_effect,,no_effect,,no_data,
CHR:leukocyte (wbc) count differential,pos_effect,,Pos,0.532,0.0,0.815,no_data,,no_data,,no_data,,25.0,mg/kg/day,no_data,,no_data,,no_data,,no_data,,469.0,mg/kg/day,no_data,,no_data,,no_effect,,no_data,,no_effect,,no_data,
CHR:liver,pos_effect,,Pos,0.936,0.0,0.87,500.0,mg/kg/day,18.75,mg/kg/day,no_data,,12.5,mg/kg/day,no_data,,no_data,,no_data,,no_data,,no_effect,,250.0,mg/kg/day,0.57,mg/kg/day,35.6,mg/kg/day,75.0,mg/kg/day,2.8,mg/kg/day,no_data,
CHR:lung,no_effect,,Neg,0.132,0.0,0.975,no_effect,,no_effect,,no_data,,12.5,mg/kg/day,no_data,,no_data,,no_data,,no_data,,no_effect,,no_effect,,no_effect,,41.2,mg/kg/day,no_effect,,no_effect,,no_data,
CHR:luteinizing hormone (lh),pos_effect,,Pos,1.0,0,1,no_data,,no_data,,no_data,,12.5,mg/kg/day,no_data,,no_data,,no_data,,no_data,,no_data,,no_data,,no_data,,no_data,,no_data,,no_data,,no_data,
CHR:lymph node,no_effect,,Neg,0.209,0.0,0.85,no_data,,150.0,mg/kg/day,no_data,,no_data,,no_data,,no_data,,no_data,,no_data,,no_effect,,no_data,,no_effect,,no_effect,,no_effect,,no_effect,,no_data,
CHR:lymphocyte,pos_effect,,Pos,1.0,0,1,no_data,,no_data,,no_data,,12.5,mg/kg/day,no_data,,no_data,,no_data,,no_data,,no_data,,no_data,,no_data,,no_data,,no_data,,no_data,,no_data,
CHR:mammary gland,no_effect,,Neg,0.059,0.0,0.915,no_effect,,no_effect,,no_data,,no_effect,,no_data,,no_data,,no_data,,no_data,,no_effect,,no_effect,,no_effect,,no_effect,,no_effect,,54.8,mg/kg/day,no_data,
CHR:mortality,pos_effect,,Pos,0.745,0.05,0.985,600.0,mg/kg/day,75.0,mg/kg/day,no_data,,no_effect,,no_data,,no_data,,no_data,,no_data,,no_effect,,500.0,mg/kg/day,0.369,mg/kg/day,73.6,mg/kg/day,no_effect,,no_effect,,no_data,
CHR:nerve,no_effect,,Neg,0.0,0,1,no_effect,,no_effect,,no_data,,no_effect,,no_data,,no_data,,no_data,,no_data,,no_effect,,no_effect,,no_effect,,no_effect,,no_effect,,no_effect,,no_data,
CHR:nose,no_effect,,Neg,0.08,0.0,0.89,no_effect,,37.5,mg/kg/day,no_data,,no_effect,,no_data,,no_data,,no_data,,no_data,,no_effect,,no_effect,,no_effect,,no_effect,,no_effect,,no_effect,,no_data,
CHR:occult blood,no_effect,,Neg,0.0,0,1,no_data,,no_data,,no_data,,no_data,,no_data,,no_data,,no_data,,no_data,,no_effect,,no_data,,no_effect,,no_effect,,no_effect,,no_effect,,no_data,
CHR:ovary,no_effect,,Neg,0.14,0.0,0.94,no_effect,,75.0,mg/kg/day,no_data,,no_effect,,no_data,,no_data,,no_data,,no_data,,no_effect,,no_effect,,no_effect,,no_effect,,100.0,mg/kg/day,no_effect,,no_data,
CHR:pancreas,no_effect,,Neg,0.203,0.0,0.995,no_effect,,75.0,mg/kg/day,no_data,,no_effect,,no_data,,no_data,,no_data,,no_data,,no_effect,,500.0,mg/kg/day,no_effect,,212.4,mg/kg/day,no_effect,,no_effect,,no_data,
CHR:parathyroid gland,no_effect,,Neg,0.0,0,1,no_effect,,no_effect,,no_data,,no_effect,,no_data,,no_data,,no_data,,no_data,,no_effect,,no_effect,,no_effect,,no_effect,,no_effect,,no_effect,,no_data,
CHR:ph,no_effect,,Neg,0.0,0,1,no_data,,no_data,,no_data,,no_data,,no_data,,no_data,,no_data,,no_data,,no_effect,,no_data,,no_effect,,no_effect,,no_effect,,no_effect,,no_data,
CHR:pharynx,no_effect,,Neg,0.0,0,1,no_data,,no_data,,no_data,,no_data,,no_data,,no_data,,no_data,,no_data,,no_effect,,no_data,,no_effect,,no_effect,,no_effect,,no_effect,,no_data,
CHR:phosphorus,pos_effect,,Pos,1.0,0,1,no_data,,no_data,,no_data,,no_data,,no_data,,no_data,,no_data,,no_data,,no_data,,no_data,,no_data,,no_data,,no_data,,250.0,mg/kg/day,no_data,
CHR:pituitary gland,no_effect,,Neg,0.123,0.0,0.975,no_effect,,no_effect,,no_data,,no_effect,,no_data,,no_data,,no_data,,no_data,,no_effect,,250.0,mg/kg/day,no_effect,,no_effect,,0.6,mg/kg/day,no_effect,,no_data,
CHR:preputial gland,no_effect,,Neg,0.083,0.0,0.79,no_effect,,no_effect,,no_data,,no_effect,,no_data,,no_data,,no_data,,no_data,,no_data,,500.0,mg/kg/day,no_effect,,no_data,,no_data,,no_data,,no_data,
CHR:prostate,no_effect,,Neg,0.0,0,1,no_effect,,no_effect,,no_data,,no_effect,,no_data,,no_data,,no_data,,no_data,,no_effect,,no_effect,,no_effect,,no_effect,,no_effect,,no_effect,,no_data,
CHR:protein,no_effect,,Neg,0.195,0.0,0.765,no_data,,no_data,,no_data,,no_data,,no_data,,no_data,,no_data,,no_data,,no_effect,,no_data,,no_effect,,no_effect,,no_effect,,250.0,mg/kg/day,no_data,
CHR:salivary glands,no_effect,,Neg,0.0,0,1,no_effect,,no_effect,,no_data,,no_effect,,no_data,,no_data,,no_data,,no_data,,no_effect,,no_effect,,no_effect,,no_effect,,no_effect,,no_effect,,no_data,
CHR:seminal vesicle,no_effect,,Neg,0.0,0,1,no_effect,,no_effect,,no_data,,no_effect,,no_data,,no_data,,no_data,,no_data,,no_effect,,no_effect,,no_effect,,no_effect,,no_effect,,no_effect,,no_data,
CHR:skeletal muscle,no_effect,,Neg,0.0,0,1,no_effect,,no_effect,,no_data,,no_effect,,no_data,,no_data,,no_data,,no_data,,no_data,,no_effect,,no_effect,,no_data,,no_data,,no_data,,no_data,
CHR:skin,no_effect,,Neg,0.182,0.0,0.995,no_effect,,no_effect,,no_data,,no_effect,,no_data,,no_data,,no_data,,no_data,,no_effect,,500.0,mg/kg/day,0.123,mg/kg/day,no_effect,,no_effect,,54.8,mg/kg/day,no_data,
CHR:sodium,pos_effect,,Pos,1.0,0,1,no_data,,no_data,,no_data,,no_data,,no_data,,no_data,,no_data,,no_data,,200.0,mg/kg/day,no_data,,no_data,,no_data,,no_data,,40.0,mg/kg/day,no_data,
CHR:specific gravity/osmolality,no_effect,,Neg,0.21,0.0,0.805,no_data,,no_data,,no_data,,no_data,,no_data,,no_data,,no_data,,no_data,,469.0,mg/kg/day,no_data,,no_effect,,no_effect,,no_effect,,no_effect,,no_data,
CHR:spinal cord,no_effect,,Neg,0.0,0,1,no_data,,no_data,,no_data,,no_data,,no_data,,no_data,,no_data,,no_data,,no_effect,,no_data,,no_effect,,no_effect,,no_effect,,no_effect,,no_data,
CHR:spleen,no_effect,,Neg,0.08,0.0,0.865,no_effect,,150.0,mg/kg/day,no_data,,no_effect,,no_data,,no_data,,no_data,,no_data,,no_effect,,no_effect,,no_effect,,no_effect,,no_effect,,no_effect,,no_data,
CHR:stomach,no_effect,,Neg,0.266,0.0,0.99,no_effect,,37.5,mg/kg/day,no_data,,no_effect,,no_data,,no_data,,no_data,,no_data,,968.0,mg/kg/day,250.0,mg/kg/day,no_effect,,no_effect,,no_effect,,12.05,mg/kg/day,no_data,
CHR:testes,no_effect,,Neg,0.064,0.0,0.915,no_effect,,no_effect,,no_data,,no_effect,,no_data,,no_data,,no_data,,no_data,,968.0,mg/kg/day,no_effect,,no_effect,,no_effect,,no_effect,,no_effect,,no_data,
CHR:thymus,no_effect,,Neg,0.095,0.0,0.81,no_effect,,no_effect,,no_data,,12.5,mg/kg/day,no_data,,no_data,,no_data,,no_data,,no_data,,no_effect,,no_effect,,no_data,,no_data,,no_data,,no_data,
CHR:thyroid gland,no_effect,,Neg,0.124,0.07142857142857145,0.95,no_effect,,no_effect,,no_data,,no_effect,,no_data,,no_data,,no_data,,no_data,,114.0,mg/kg/day,no_effect,,no_effect,,no_effect,,3.0,mg/kg/day,no_effect,,no_data,
CHR:tongue,no_effect,,Neg,0.0,0,1,no_effect,,no_effect,,no_data,,no_effect,,no_data,,no_data,,no_data,,no_data,,no_data,,no_effect,,no_effect,,no_data,,no_data,,no_data,,no_data,
CHR:trachea,no_effect,,Neg,0.0,0,1,no_effect,,no_effect,,no_data,,no_effect,,no_data,,no_data,,no_data,,no_data,,no_effect,,no_effect,,no_effect,,no_effect,,no_effect,,no_effect,,no_data,
CHR:triglycerides,pos_effect,,Pos,1.0,0,1,no_data,,no_data,,no_data,,no_data,,no_data,,no_data,,no_data,,no_data,,no_data,,no_data,,0.57,mg/kg/day,no_data,,no_data,,no_data,,no_data,
CHR:urea nitrogen,pos_effect,,Pos,1.0,0,1,no_data,,no_data,,no_data,,no_data,,no_data,,no_data,,no_data,,no_data,,no_data,,no_data,,no_data,,35.6,mg/kg/day,no_data,,250.0,mg/kg/day,no_data,
CHR:urinary bladder,no_effect,,Neg,0.139,0.0,0.98,no_effect,,150.0,mg/kg/day,no_data,,no_effect,,no_data,,no_data,,no_data,,no_data,,no_effect,,no_effect,,no_effect,,no_effect,,no_effect,,2.0,mg/kg/day,no_data,
CHR:uterus,no_effect,,Neg,0.06,0.0,0.89,no_effect,,no_effect,,no_data,,no_effect,,no_data,,no_data,,no_data,,no_data,,no_effect,,no_effect,,no_effect,,no_effect,,100.0,mg/kg/day,no_effect,,no_data,
CHR:vagina,no_effect,,Neg,0.074,0.0,0.85,no_effect,,no_effect,,no_data,,no_effect,,no_data,,no_data,,no_data,,no_data,,no_data,,no_effect,,no_effect,,no_data,,300.0,mg/kg/day,no_data,,no_data,
CHR:volume,no_effect,,Neg,0.21,0.0,0.755,no_data,,no_data,,no_data,,no_data,,no_data,,no_data,,no_data,,no_data,,200.0,mg/kg/day,no_data,,no_effect,,no_effect,,no_effect,,no_effect,,no_data,
DEV:aborted,no_effect,,TN,0.169,0.0,0.825,no_data,,no_data,,no_data,,no_data,,no_data,,no_effect,,no_data,,no_effect,,200.0,mg/kg/day,no_data,,no_data,,no_effect,,no_effect,,no_effect,,no_data,
DEV:all gross anomalies,no_effect,,TN,0.0,0,1,no_data,,no_data,,no_data,,no_data,,no_data,,no_effect,,no_data,,no_effect,,no_effect,,no_data,,no_data,,no_effect,,no_effect,,no_effect,,no_data,
DEV:birth index,no_effect,,TN,0.0,0,1,no_data,,no_data,,no_data,,no_data,,no_data,,no_effect,,no_data,,no_effect,,no_effect,,no_data,,no_data,,no_effect,,no_effect,,no_effect,,no_data,
DEV:body weight,500.0,mg/kg/day,TP,1.0,0,1,no_data,,no_data,,no_data,,no_data,,no_data,,120.0,mg/kg/day,no_data,,100.0,mg/kg/day,200.0,mg/kg/day,no_data,,no_data,,400.0,mg/kg/day,300.0,mg/kg/day,50.0,mg/kg/day,no_data,
DEV:bone,500.0,mg/kg/day,FN,0.32,0.0,0.985,no_data,,no_data,,no_data,,no_data,,no_data,,no_effect,,no_data,,no_effect,,no_effect,,no_data,,no_data,,200.0,mg/kg/day,300.0,mg/kg/day,no_effect,,no_data,
DEV:clinical signs,1000.0,mg/kg/day,FN,0.488,0.5,0.34,no_data,,no_data,,no_data,,no_data,,no_data,,no_effect,,no_data,,100.0,mg/kg/day,no_effect,,no_data,,no_data,,200.0,mg/kg/day,no_effect,,50.0,mg/kg/day,no_data,
DEV:corpora lutea,no_effect,,TN,0.0,0,1,no_data,,no_data,,no_data,,no_data,,no_data,,no_effect,,no_data,,no_effect,,no_effect,,no_data,,no_data,,no_effect,,no_effect,,no_effect,,no_data,
DEV:dead fetuses,no_effect,,TN,0.0,0,1,no_data,,no_data,,no_data,,no_data,,no_data,,no_effect,,no_data,,no_effect,,no_effect,,no_data,,no_data,,no_effect,,no_effect,,no_effect,,no_data,
DEV:dystocia,no_effect,,TN,0.0,0,1,no_data,,no_data,,no_data,,no_data,,no_data,,no_effect,,no_data,,no_effect,,no_effect,,no_data,,no_data,,no_effect,,no_effect,,no_effect,,no_data,
DEV:estrous cycle,pos_effect,,Pos,1.0,0,1,no_data,,no_data,,no_data,,no_data,,no_data,,no_data,,no_data,,no_data,,200.0,mg/kg/day,no_data,,no_data,,no_data,,no_data,,no_data,,no_data,
DEV:eye,pos_effect,,Pos,1.0,0,1,no_data,,no_data,,no_data,,no_data,,no_data,,no_data,,no_data,,300.0,mg/kg/day,no_data,,no_data,,no_data,,no_data,,no_data,,no_data,,no_data,
DEV:food consumption,1000.0,mg/kg/day,TP,0.648,0.1,0.905,no_data,,no_data,,no_data,,no_data,,no_data,,no_effect,,no_data,,300.0,mg/kg/day,no_effect,,no_data,,no_data,,200.0,mg/kg/day,300.0,mg/kg/day,50.0,mg/kg/day,no_data,
DEV:full gross necropsy,no_effect,,TN,0.0,0,1,no_data,,no_data,,no_data,,no_data,,no_data,,no_effect,,no_data,,no_effect,,no_effect,,no_data,,no_data,,no_effect,,no_effect,,no_effect,,no_data,
DEV:general,pos_effect,,Pos,1.0,0,1,no_data,,no_data,,no_data,,no_data,,no_data,,no_data,,no_data,,no_data,,no_data,,no_data,,no_data,,no_data,,no_data,,50.0,mg/kg/day,no_data,
DEV:gestation index,no_effect,,TN,0.0,0,1,no_data,,no_data,,no_data,,no_data,,no_data,,no_effect,,no_data,,no_effect,,no_effect,,no_data,,no_data,,no_effect,,no_effect,,no_effect,,no_data,
DEV:implantations,no_effect,,TN,0.169,0.0,0.87,no_data,,no_data,,no_data,,no_data,,no_data,,no_effect,,no_data,,no_effect,,200.0,mg/kg/day,no_data,,no_data,,no_effect,,no_effect,,no_effect,,no_data,
DEV:intestine large,pos_effect,,Pos,1.0,0,1,no_data,,no_data,,no_data,,no_data,,no_data,,no_data,,no_data,,300.0,mg/kg/day,no_data,,no_data,,no_data,,no_data,,no_data,,no_data,,no_data,
DEV:litter size,no_effect,,TN,0.0,0,1,no_data,,no_data,,no_data,,no_data,,no_data,,no_effect,,no_data,,no_effect,,no_effect,,no_data,,no_data,,no_effect,,no_effect,,no_effect,,no_data,
DEV:litter viability other,no_effect,,TN,0.169,0.0,0.865,no_data,,no_data,,no_data,,no_data,,no_data,,no_effect,,no_data,,no_effect,,200.0,mg/kg/day,no_data,,no_data,,no_effect,,no_effect,,no_effect,,no_data,
DEV:live fetuses,no_effect,,TN,0.169,0.0,0.83,no_data,,no_data,,no_data,,no_data,,no_data,,no_effect,,no_data,,no_effect,,200.0,mg/kg/day,no_data,,no_data,,no_effect,,no_effect,,no_effect,,no_data,
DEV:liver,pos_effect,,Pos,1.0,0,1,no_data,,no_data,,no_data,,no_data,,no_data,,120.0,mg/kg/day,no_data,,no_data,,no_data,,no_data,,no_data,,no_data,,300.0,mg/kg/day,no_data,,no_data,
DEV:lung,pos_effect,,Pos,1.0,0,1,no_data,,no_data,,no_data,,no_data,,no_data,,no_data,,no_data,,no_data,,750.0,mg/kg/day,no_data,,no_data,,no_data,,no_data,,no_data,,no_data,
DEV:mortality,no_effect,,TN,0.497,0.0,0.975,no_data,,no_data,,no_data,,no_data,,no_data,,no_effect,,no_data,,300.0,mg/kg/day,200.0,mg/kg/day,no_data,,no_data,,no_effect,,no_effect,,50.0,mg/kg/day,no_data,
DEV:offspring survival early other,no_effect,,TN,0.0,0,1,no_data,,no_data,,no_data,,no_data,,no_data,,no_effect,,no_data,,no_effect,,no_effect,,no_data,,no_data,,no_effect,,no_effect,,no_effect,,no_data,
DEV:other,no_effect,,TN,0.16,0.0,0.85,no_data,,no_data,,no_data,,no_data,,no_data,,no_effect,,no_data,,no_effect,,no_effect,,no_data,,no_data,,600.0,mg/kg/day,no_effect,,no_effect,,no_data,
DEV:postimplantation loss,no_effect,,TN,0.183,0.0,0.855,no_data,,no_data,,no_data,,no_data,,no_data,,180.0,mg/kg/day,no_data,,no_effect,,no_effect,,no_data,,no_data,,no_effect,,no_effect,,no_effect,,no_data,
DEV:pregnancy,no_effect,,TN,0.0,0,1,no_data,,no_data,,no_data,,no_data,,no_data,,no_effect,,no_data,,no_effect,,no_effect,,no_data,,no_data,,no_effect,,no_effect,,no_effect,,no_data,
DEV:preimplantation loss,no_effect,,TN,0.0,0,1,no_data,,no_data,,no_data,,no_data,,no_data,,no_effect,,no_data,,no_effect,,no_effect,,no_data,,no_data,,no_effect,,no_effect,,no_effect,,no_data,
DEV:premature delivery,no_effect,,TN,0.0,0,1,no_data,,no_data,,no_data,,no_data,,no_data,,no_effect,,no_data,,no_effect,,no_effect,,no_data,,no_data,,no_effect,,no_effect,,no_effect,,no_data,
DEV:reproductive performance other,no_effect,,TN,0.0,0,1,no_data,,no_data,,no_data,,no_data,,no_data,,no_effect,,no_data,,no_effect,,no_effect,,no_data,,no_data,,no_effect,,no_effect,,no_effect,,no_data,
DEV:resorptions,no_effect,,TN,0.157,0.0,0.88,no_data,,no_data,,no_data,,no_data,,no_data,,no_effect,,no_data,,no_effect,,no_effect,,no_data,,no_data,,no_effect,,no_effect,,50.0,mg/kg/day,no_data,
DEV:sex ratio,no_effect,,TN,0.0,0,1,no_data,,no_data,,no_data,,no_data,,no_data,,no_effect,,no_data,,no_effect,,no_effect,,no_data,,no_data,,no_effect,,no_effect,,no_effect,,no_data,
DEV:spinal cord,no_effect,,TN,0.0,0,1,no_data,,no_data,,no_data,,no_data,,no_data,,no_effect,,no_data,,no_effect,,no_effect,,no_data,,no_data,,no_effect,,no_effect,,no_effect,,no_data,
DEV:stomach,pos_effect,,Pos,1.0,0,1,no_data,,no_data,,no_data,,no_data,,no_data,,no_data,,no_data,,no_data,,750.0,mg/kg/day,no_data,,no_data,,no_data,,no_data,,no_data,,no_data,
DEV:thymus,pos_effect,,Pos,1.0,0,1,no_data,,no_data,,no_data,,no_data,,no_data,,no_data,,no_data,,no_data,,no_data,,no_data,,no_data,,200.0,mg/kg/day,no_data,,no_data,,no_data,
DEV:trunk,no_effect,,TN,0.0,0,1,no_data,,no_data,,no_data,,no_data,,no_data,,no_effect,,no_data,,no_effect,,no_effect,,no_data,,no_data,,no_effect,,no_effect,,no_effect,,no_data,
DEV:uterus,no_effect,,TN,0.343,0.0,0.945,no_data,,no_data,,no_data,,no_data,,no_data,,180.0,mg/kg/day,no_data,,no_effect,,no_effect,,no_data,,no_data,,1000.0,mg/kg/day,no_effect,,no_effect,,no_data,
DEV:vagina,pos_effect,,Pos,1.0,0,1,no_data,,no_data,,no_data,,no_data,,no_data,,no_data,,no_data,,300.0,mg/kg/day,no_data,,no_data,,no_data,,no_data,,no_data,,no_data,,no_data,
MGR:[other],no_effect,,Neg,0.0,0,1,no_data,,no_data,,no_data,,no_data,,no_effect,,no_data,,no_effect,,no_data,,no_effect,,no_data,,no_effect,,no_effect,,no_data,,no_effect,,no_data,
MGR:aborted,no_effect,,Neg,0.0,0,1,no_data,,no_data,,no_data,,no_data,,no_effect,,no_data,,no_effect,,no_data,,no_effect,,no_data,,no_effect,,no_effect,,no_data,,no_effect,,no_data,
MGR:adrenal gland,no_effect,,Neg,0.158,0.0,0.83,no_data,,no_data,,no_data,,no_data,,no_effect,,no_data,,no_effect,,no_data,,no_effect,,no_data,,1016.0,mg/kg/day,no_effect,,no_data,,no_effect,,no_data,
MGR:all gross anomalies,no_effect,,Neg,0.0,0,1,no_data,,no_data,,no_data,,no_data,,no_effect,,no_data,,no_effect,,no_data,,no_effect,,no_data,,no_effect,,no_effect,,no_data,,no_effect,,no_data,
MGR:birth index,no_effect,,Neg,0.0,0,1,no_data,,no_data,,no_data,,no_data,,no_effect,,no_data,,no_effect,,no_data,,no_effect,,no_data,,no_effect,,no_effect,,no_data,,no_effect,,no_data,
MGR:body weight,pos_effect,,Pos,1.0,0,1,no_data,,no_data,,no_data,,no_data,,20.0,mg/kg/day,no_data,,591.76,mg/kg/day,no_data,,385.0,mg/kg/day,no_data,,1150.0,mg/kg/day,326.4,mg/kg/day,no_data,,4.25,mg/kg/day,no_data,
MGR:brain,no_effect,,Neg,0.459,0.0,0.495,no_data,,no_data,,no_data,,no_data,,no_effect,,no_data,,no_data,,no_data,,no_data,,no_data,,1150.0,mg/kg/day,no_data,,no_data,,no_data,,no_data,
MGR:cervix,no_effect,,Neg,0.0,0,1,no_data,,no_data,,no_data,,no_data,,no_effect,,no_data,,no_data,,no_data,,no_data,,no_data,,no_effect,,no_data,,no_data,,no_data,,no_data,
MGR:clinical signs,no_effect,,Neg,0.0,0,1,no_data,,no_data,,no_data,,no_data,,no_effect,,no_data,,no_effect,,no_data,,no_effect,,no_data,,no_effect,,no_effect,,no_data,,no_effect,,no_data,
MGR:coagulating gland,no_effect,,Neg,0.0,0,1,no_data,,no_data,,no_data,,no_data,,no_effect,,no_data,,no_data,,no_data,,no_data,,no_data,,no_effect,,no_data,,no_data,,no_data,,no_data,
MGR:corpora lutea,no_effect,,Neg,0.0,0,1,no_data,,no_data,,no_data,,no_data,,no_effect,,no_data,,no_effect,,no_data,,no_effect,,no_data,,no_effect,,no_effect,,no_data,,no_effect,,no_data,
"MGR:cytochrome p450, nos",pos_effect,,Pos,1.0,0,1,no_data,,no_data,,no_data,,no_data,,no_data,,no_data,,no_data,,no_data,,no_data,,no_data,,1016.0,mg/kg/day,no_data,,no_data,,no_data,,no_data,
MGR:dead fetuses,no_effect,,Neg,0.0,0,1,no_data,,no_data,,no_data,,no_data,,no_effect,,no_data,,no_effect,,no_data,,no_effect,,no_data,,no_effect,,no_effect,,no_data,,no_effect,,no_data,
MGR:dystocia,no_effect,,Neg,0.0,0,1,no_data,,no_data,,no_data,,no_data,,no_effect,,no_data,,no_effect,,no_data,,no_effect,,no_data,,no_effect,,no_effect,,no_data,,no_effect,,no_data,
MGR:epididymis,no_effect,,Neg,0.158,0.0,0.815,no_data,,no_data,,no_data,,no_data,,no_effect,,no_data,,no_effect,,no_data,,no_effect,,no_data,,1016.0,mg/kg/day,no_effect,,no_data,,no_effect,,no_data,
MGR:estrous cycle,no_effect,,Neg,0.0,0,1,no_data,,no_data,,no_data,,no_data,,no_effect,,no_data,,no_data,,no_data,,no_data,,no_data,,no_effect,,no_data,,no_data,,no_data,,no_data,
MGR:fertility,no_effect,,Neg,0.0,0,1,no_data,,no_data,,no_data,,no_data,,no_effect,,no_data,,no_effect,,no_data,,no_effect,,no_data,,no_effect,,no_effect,,no_data,,no_effect,,no_data,
MGR:food consumption,no_effect,,Neg,0.363,0.0,0.93,no_data,,no_data,,no_data,,no_data,,20.0,mg/kg/day,no_data,,1169.16,mg/kg/day,no_data,,no_effect,,no_data,,no_effect,,no_effect,,no_data,,no_effect,,no_data,
MGR:gestation index,no_effect,,Neg,0.0,0,1,no_data,,no_data,,no_data,,no_data,,no_effect,,no_data,,no_effect,,no_data,,no_effect,,no_data,,no_effect,,no_effect,,no_data,,no_effect,,no_data,
MGR:gestational length,no_effect,,Neg,0.0,0,1,no_data,,no_data,,no_data,,no_data,,no_effect,,no_data,,no_effect,,no_data,,no_effect,,no_data,,no_effect,,no_effect,,no_data,,no_effect,,no_data,
MGR:heart,pos_effect,,Pos,1.0,0,1,no_data,,no_data,,no_data,,no_data,,no_data,,no_data,,no_data,,no_data,,no_data,,no_data,,no_data,,272.7,mg/kg/day,no_data,,no_data,,no_data,
MGR:implantations,no_effect,,Neg,0.0,0,1,no_data,,no_data,,no_data,,no_data,,no_effect,,no_data,,no_effect,,no_data,,no_effect,,no_data,,no_effect,,no_effect,,no_data,,no_effect,,no_data,
MGR:kidney,pos_effect,,Pos,0.63,0.0,0.645,no_data,,no_data,,no_data,,no_data,,no_effect,,no_data,,no_data,,no_data,,no_data,,no_data,,1150.0,mg/kg/day,0.7,mg/kg/day,no_data,,no_data,,no_data,
MGR:lactation index,no_effect,,Neg,0.177,0.0,0.86,no_data,,no_data,,no_data,,no_data,,no_effect,,no_data,,1254.96,mg/kg/day,no_data,,no_effect,,no_data,,no_effect,,no_effect,,no_data,,no_effect,,no_data,
MGR:litter size,no_effect,,Neg,0.0,0,1,no_data,,no_data,,no_data,,no_data,,no_effect,,no_data,,no_effect,,no_data,,no_effect,,no_data,,no_effect,,no_effect,,no_data,,no_effect,,no_data,
MGR:litter viability other,no_effect,,Neg,0.0,0,1,no_data,,no_data,,no_data,,no_data,,no_effect,,no_data,,no_effect,,no_data,,no_effect,,no_data,,no_effect,,no_effect,,no_data,,no_effect,,no_data,
MGR:live fetuses,no_effect,,Neg,0.0,0,1,no_data,,no_data,,no_data,,no_data,,no_effect,,no_data,,no_effect,,no_data,,no_effect,,no_data,,no_effect,,no_effect,,no_data,,no_effect,,no_data,
MGR:liver,pos_effect,,Pos,1.0,0,1,no_data,,no_data,,no_data,,no_data,,20.0,mg/kg/day,no_data,,no_data,,no_data,,no_data,,no_data,,1016.0,mg/kg/day,68.1,mg/kg/day,no_data,,no_data,,no_data,
MGR:mating,no_effect,,Neg,0.0,0,1,no_data,,no_data,,no_data,,no_data,,no_effect,,no_data,,no_effect,,no_data,,no_effect,,no_data,,no_effect,,no_effect,,no_data,,no_effect,,no_data,
MGR:mortality,no_effect,,Neg,0.167,0.0,0.815,no_data,,no_data,,no_data,,no_data,,no_effect,,no_data,,no_effect,,no_data,,385.0,mg/kg/day,no_data,,no_effect,,no_effect,,no_data,,no_effect,,no_data,
MGR:nipple development,no_effect,,Neg,0.0,0,1,no_data,,no_data,,no_data,,no_data,,no_effect,,no_data,,no_data,,no_data,,no_data,,no_data,,no_effect,,no_data,,no_data,,no_data,,no_data,
MGR:offspring survival early other,no_effect,,Neg,0.0,0,1,no_data,,no_data,,no_data,,no_data,,no_effect,,no_data,,no_effect,,no_data,,no_effect,,no_data,,no_effect,,no_effect,,no_data,,no_effect,,no_data,
MGR:ovary,no_effect,,Neg,0.177,0.0,0.81,no_data,,no_data,,no_data,,no_data,,no_effect,,no_data,,1410.08,mg/kg/day,no_data,,no_effect,,no_data,,no_effect,,no_effect,,no_data,,no_effect,,no_data,
MGR:oviduct,no_effect,,Neg,0.0,0,1,no_data,,no_data,,no_data,,no_data,,no_effect,,no_data,,no_data,,no_data,,no_data,,no_data,,no_effect,,no_data,,no_data,,no_data,,no_data,
MGR:pituitary gland,no_effect,,Neg,0.316,0.125,0.905,no_data,,no_data,,no_data,,no_data,,no_effect,,no_data,,no_effect,,no_data,,no_effect,,no_data,,1150.0,mg/kg/day,326.4,mg/kg/day,no_data,,no_effect,,no_data,
MGR:postimplantation loss,no_effect,,Neg,0.0,0,1,no_data,,no_data,,no_data,,no_data,,no_effect,,no_data,,no_effect,,no_data,,no_effect,,no_data,,no_effect,,no_effect,,no_data,,no_effect,,no_data,
MGR:precoital interval,no_effect,,Neg,0.0,0,1,no_data,,no_data,,no_data,,no_data,,no_effect,,no_data,,no_effect,,no_data,,no_effect,,no_data,,no_effect,,no_effect,,no_data,,no_effect,,no_data,
MGR:pregnancy,no_effect,,Neg,0.0,0,1,no_data,,no_data,,no_data,,no_data,,no_effect,,no_data,,no_effect,,no_data,,no_effect,,no_data,,no_effect,,no_effect,,no_data,,no_effect,,no_data,
MGR:pregnancy index,no_effect,,Neg,0.0,0,1,no_data,,no_data,,no_data,,no_data,,no_effect,,no_data,,no_effect,,no_data,,no_effect,,no_data,,no_effect,,no_effect,,no_data,,no_effect,,no_data,
MGR:preimplantation loss,no_effect,,Neg,0.0,0,1,no_data,,no_data,,no_data,,no_data,,no_effect,,no_data,,no_effect,,no_data,,no_effect,,no_data,,no_effect,,no_effect,,no_data,,no_effect,,no_data,
MGR:premature delivery,no_effect,,Neg,0.0,0,1,no_data,,no_data,,no_data,,no_data,,no_effect,,no_data,,no_effect,,no_data,,no_effect,,no_data,,no_effect,,no_effect,,no_data,,no_effect,,no_data,
MGR:preputial separation,no_effect,,Neg,0.0,0,1,no_data,,no_data,,no_data,,no_data,,no_effect,,no_data,,no_data,,no_data,,no_data,,no_data,,no_effect,,no_data,,no_data,,no_data,,no_data,
MGR:prostate,no_effect,,Neg,0.158,0.0,0.825,no_data,,no_data,,no_data,,no_data,,no_effect,,no_data,,no_effect,,no_data,,no_effect,,no_data,,1150.0,mg/kg/day,no_effect,,no_data,,no_effect,,no_data,
MGR:reproductive performance other,no_effect,,Neg,0.0,0,1,no_data,,no_data,,no_data,,no_data,,no_effect,,no_data,,no_effect,,no_data,,no_effect,,no_data,,no_effect,,no_effect,,no_data,,no_effect,,no_data,
MGR:resorptions,no_effect,,Neg,0.0,0,1,no_data,,no_data,,no_data,,no_data,,no_effect,,no_data,,no_effect,,no_data,,no_effect,,no_data,,no_effect,,no_effect,,no_data,,no_effect,,no_data,
MGR:seminal vesicle,no_effect,,Neg,0.158,0.0,0.775,no_data,,no_data,,no_data,,no_data,,no_effect,,no_data,,no_effect,,no_data,,no_effect,,no_data,,1150.0,mg/kg/day,no_effect,,no_data,,no_effect,,no_data,
MGR:sex ratio,no_effect,,Neg,0.0,0,1,no_data,,no_data,,no_data,,no_data,,no_effect,,no_data,,no_effect,,no_data,,no_effect,,no_data,,no_effect,,no_effect,,no_data,,no_effect,,no_data,
MGR:sperm measure,pos_effect,,Pos,1.0,0,1,no_data,,no_data,,no_data,,no_data,,20.0,mg/kg/day,no_data,,no_data,,no_data,,no_data,,no_data,,197.0,mg/kg/day,no_data,,no_data,,no_data,,no_data,
MGR:spleen,no_effect,,Neg,0.459,0.0,0.495,no_data,,no_data,,no_data,,no_data,,no_effect,,no_data,,no_data,,no_data,,no_data,,no_data,,1150.0,mg/kg/day,no_data,,no_data,,no_data,,no_data,
MGR:stomach,pos_effect,,Pos,1.0,0,1,no_data,,no_data,,no_data,,no_data,,no_data,,no_data,,no_data,,no_data,,35.5,mg/kg/day,no_data,,no_data,,no_data,,no_data,,no_data,,no_data,
MGR:testes,no_effect,,Neg,0.335,0.0,0.965,no_data,,no_data,,no_data,,no_data,,no_effect,,no_data,,1254.96,mg/kg/day,no_data,,no_effect,,no_data,,no_effect,,272.7,mg/kg/day,no_data,,no_effect,,no_data,
MGR:testosterone,pos_effect,,Pos,1.0,0,1,no_data,,no_data,,no_data,,no_data,,no_data,,no_data,,no_data,,no_data,,no_data,,no_data,,197.0,mg/kg/day,no_data,,no_data,,no_data,,no_data,
MGR:thymus,no_effect,,Neg,0.459,0.0,0.47,no_data,,no_data,,no_data,,no_data,,no_effect,,no_data,,no_data,,no_data,,no_data,,no_data,,1150.0,mg/kg/day,no_data,,no_data,,no_data,,no_data,
MGR:uterus,no_effect,,Neg,0.158,0.0,0.84,no_data,,no_data,,no_data,,no_data,,no_effect,,no_data,,no_effect,,no_data,,no_effect,,no_data,,267.0,mg/kg/day,no_effect,,no_data,,no_effect,,no_data,
MGR:vagina,no_effect,,Neg,0.0,0,1,no_data,,no_data,,no_data,,no_data,,no_effect,,no_data,,no_effect,,no_data,,no_effect,,no_data,,no_effect,,no_effect,,no_data,,no_effect,,no_data,
MGR:vaginal opening,no_effect,,Neg,0.459,0.0,0.54,no_data,,no_data,,no_data,,no_data,,no_effect,,no_data,,no_data,,no_data,,no_data,,no_data,,1375.0,mg/kg/day,no_data,,no_data,,no_data,,no_data,
MGR:viability index,no_effect,,Neg,0.177,0.0,0.805,no_data,,no_data,,no_data,,no_data,,no_effect,,no_data,,1254.96,mg/kg/day,no_data,,no_effect,,no_data,,no_effect,,no_effect,,no_data,,no_effect,,no_data,
SAC:adrenal gland,no_effect,,Neg,0.0,0,1,no_data,,no_data,,no_data,,no_data,,no_data,,no_data,,no_data,,no_effect,,no_data,,no_effect,,no_effect,,no_data,,no_data,,no_data,,no_data,
SAC:albumin,no_effect,,Neg,0.0,0,1,no_data,,no_data,,no_data,,no_data,,no_data,,no_data,,no_data,,no_effect,,no_data,,no_data,,no_data,,no_data,,no_data,,no_data,,no_data,
SAC:blood clotting,no_effect,,Neg,0.0,0,1,no_data,,no_data,,no_data,,no_data,,no_data,,no_data,,no_data,,no_effect,,no_data,,no_data,,no_data,,no_data,,no_data,,no_data,,no_data,
SAC:body weight,pos_effect,,Pos,0.678,0.0,0.665,no_data,,no_data,,no_data,,no_data,,no_data,,no_data,,no_data,,10.0,mg/kg/day,no_data,,250.0,mg/kg/day,no_effect,,no_data,,no_data,,no_data,,no_data,
SAC:bone,no_effect,,Neg,0.0,0,1,no_data,,no_data,,no_data,,no_data,,no_data,,no_data,,no_data,,no_data,,no_data,,no_effect,,no_effect,,no_data,,no_data,,no_data,,no_data,
SAC:bone marrow,no_effect,,Neg,0.0,0,1,no_data,,no_data,,no_data,,no_data,,no_data,,no_data,,no_data,,no_effect,,no_data,,no_data,,no_data,,no_data,,no_data,,no_data,,no_data,
SAC:brain,no_effect,,Neg,0.0,0,1,no_data,,no_data,,no_data,,no_data,,no_data,,no_data,,no_data,,no_effect,,no_data,,no_effect,,no_effect,,no_data,,no_data,,no_data,,no_data,
SAC:cholesterol,no_effect,,Neg,0.0,0,1,no_data,,no_data,,no_data,,no_data,,no_data,,no_data,,no_data,,no_effect,,no_data,,no_data,,no_data,,no_data,,no_data,,no_data,,no_data,
SAC:clinical signs,pos_effect,,Pos,0.678,0.0,0.68,no_data,,no_data,,no_data,,no_data,,no_data,,no_data,,no_data,,10.0,mg/kg/day,no_data,,125.0,mg/kg/day,no_effect,,no_data,,no_data,,no_data,,no_data,
SAC:clitoral gland,no_effect,,Neg,0.0,0,1,no_data,,no_data,,no_data,,no_data,,no_data,,no_data,,no_data,,no_data,,no_data,,no_effect,,no_effect,,no_data,,no_data,,no_data,,no_data,
SAC:creatinine,no_effect,,Neg,0.0,0,1,no_data,,no_data,,no_data,,no_data,,no_data,,no_data,,no_data,,no_effect,,no_data,,no_data,,no_data,,no_data,,no_data,,no_data,,no_data,
SAC:epididymis,no_effect,,Neg,0.0,0,1,no_data,,no_data,,no_data,,no_data,,no_data,,no_data,,no_data,,no_effect,,no_data,,no_effect,,no_effect,,no_data,,no_data,,no_data,,no_data,
SAC:erythrocyte (rbc) count differential,no_effect,,Neg,0.0,0,1,no_data,,no_data,,no_data,,no_data,,no_data,,no_data,,no_data,,no_effect,,no_data,,no_data,,no_data,,no_data,,no_data,,no_data,,no_data,
SAC:esophagus,no_effect,,Neg,0.0,0,1,no_data,,no_data,,no_data,,no_data,,no_data,,no_data,,no_data,,no_data,,no_data,,no_effect,,no_effect,,no_data,,no_data,,no_data,,no_data,
SAC:eye,no_effect,,Neg,0.0,0,1,no_data,,no_data,,no_data,,no_data,,no_data,,no_data,,no_data,,no_effect,,no_data,,no_effect,,no_effect,,no_data,,no_data,,no_data,,no_data,
SAC:food consumption,pos_effect,,Pos,1.0,0,1,no_data,,no_data,,no_data,,no_data,,no_data,,no_data,,no_data,,10.0,mg/kg/day,no_data,,no_data,,no_data,,no_data,,no_data,,no_data,,no_data,
SAC:full gross necropsy,no_effect,,Neg,0.0,0,1,no_data,,no_data,,no_data,,no_data,,no_data,,no_data,,no_data,,no_effect,,no_data,,no_data,,no_data,,no_data,,no_data,,no_data,,no_data,
SAC:gallbladder,no_effect,,Neg,0.0,0,1,no_data,,no_data,,no_data,,no_data,,no_data,,no_data,,no_data,,no_data,,no_data,,no_effect,,no_effect,,no_data,,no_data,,no_data,,no_data,
SAC:general,no_effect,,Neg,0.0,0,1,no_data,,no_data,,no_data,,no_data,,no_data,,no_data,,no_data,,no_effect,,no_data,,no_data,,no_data,,no_data,,no_data,,no_data,,no_data,
SAC:glucose,no_effect,,Neg,0.0,0,1,no_data,,no_data,,no_data,,no_data,,no_data,,no_data,,no_data,,no_effect,,no_data,,no_data,,no_data,,no_data,,no_data,,no_data,,no_data,
SAC:harderian gland,no_effect,,Neg,0.0,0,1,no_data,,no_data,,no_data,,no_data,,no_data,,no_data,,no_data,,no_data,,no_data,,no_effect,,no_effect,,no_data,,no_data,,no_data,,no_data,
SAC:heart,no_effect,,Neg,0.0,0,1,no_data,,no_data,,no_data,,no_data,,no_data,,no_data,,no_data,,no_effect,,no_data,,no_effect,,no_effect,,no_data,,no_data,,no_data,,no_data,
SAC:hematocrit (hct),no_effect,,Neg,0.0,0,1,no_data,,no_data,,no_data,,no_data,,no_data,,no_data,,no_data,,no_effect,,no_data,,no_data,,no_data,,no_data,,no_data,,no_data,,no_data,
SAC:hemoglobin (hgb),no_effect,,Neg,0.0,0,1,no_data,,no_data,,no_data,,no_data,,no_data,,no_data,,no_data,,no_effect,,no_data,,no_data,,no_data,,no_data,,no_data,,no_data,,no_data,
SAC:intestine large,no_effect,,Neg,0.0,0,1,no_data,,no_data,,no_data,,no_data,,no_data,,no_data,,no_data,,no_effect,,no_data,,no_effect,,no_effect,,no_data,,no_data,,no_data,,no_data,
SAC:intestine small,no_effect,,Neg,0.0,0,1,no_data,,no_data,,no_data,,no_data,,no_data,,no_data,,no_data,,no_effect,,no_data,,no_effect,,no_effect,,no_data,,no_data,,no_data,,no_data,
SAC:kidney,pos_effect,,Pos,0.664,0.0,0.66,no_data,,no_data,,no_data,,no_data,,no_data,,no_data,,no_data,,40.0,mg/kg/day,no_data,,no_effect,,0.184,mg/kg/day,no_data,,no_data,,no_data,,no_data,
SAC:lactic acid dehydrogenase (ldh),pos_effect,,Pos,1.0,0,1,no_data,,no_data,,no_data,,no_data,,no_data,,no_data,,no_data,,160.0,mg/kg/day,no_data,,no_data,,no_data,,no_data,,no_data,,no_data,,no_data,
SAC:larynx,no_effect,,Neg,0.0,0,1,no_data,,no_data,,no_data,,no_data,,no_data,,no_data,,no_data,,no_data,,no_data,,no_effect,,no_effect,,no_data,,no_data,,no_data,,no_data,
SAC:leukocyte (wbc) count differential,pos_effect,,Pos,1.0,0,1,no_data,,no_data,,no_data,,no_data,,no_data,,no_data,,no_data,,160.0,mg/kg/day,no_data,,no_data,,no_data,,no_data,,no_data,,no_data,,no_data,
SAC:liver,pos_effect,,Pos,0.664,0.0,0.65,no_data,,no_data,,no_data,,no_data,,no_data,,no_data,,no_data,,40.0,mg/kg/day,no_data,,no_effect,,0.031,mg/kg/day,no_data,,no_data,,no_data,,no_data,
SAC:lung,no_effect,,Neg,0.0,0,1,no_data,,no_data,,no_data,,no_data,,no_data,,no_data,,no_data,,no_effect,,no_data,,no_effect,,no_effect,,no_data,,no_data,,no_data,,no_data,
SAC:lymph node,no_effect,,Neg,0.0,0,1,no_data,,no_data,,no_data,,no_data,,no_data,,no_data,,no_data,,no_effect,,no_data,,no_data,,no_data,,no_data,,no_data,,no_data,,no_data,
SAC:mammary gland,no_effect,,Neg,0.0,0,1,no_data,,no_data,,no_data,,no_data,,no_data,,no_data,,no_data,,no_data,,no_data,,no_effect,,no_effect,,no_data,,no_data,,no_data,,no_data,
SAC:mortality,pos_effect,,Pos,0.678,0.0,0.64,no_data,,no_data,,no_data,,no_data,,no_data,,no_data,,no_data,,160.0,mg/kg/day,no_data,,2000.0,mg/kg/day,no_effect,,no_data,,no_data,,no_data,,no_data,
SAC:nerve,no_effect,,Neg,0.0,0,1,no_data,,no_data,,no_data,,no_data,,no_data,,no_data,,no_data,,no_effect,,no_data,,no_effect,,no_effect,,no_data,,no_data,,no_data,,no_data,
SAC:nose,no_effect,,Neg,0.0,0,1,no_data,,no_data,,no_data,,no_data,,no_data,,no_data,,no_data,,no_data,,no_data,,no_effect,,no_effect,,no_data,,no_data,,no_data,,no_data,
SAC:ovary,no_effect,,Neg,0.0,0,1,no_data,,no_data,,no_data,,no_data,,no_data,,no_data,,no_data,,no_effect,,no_data,,no_effect,,no_effect,,no_data,,no_data,,no_data,,no_data,
SAC:pancreas,no_effect,,Neg,0.0,0,1,no_data,,no_data,,no_data,,no_data,,no_data,,no_data,,no_data,,no_data,,no_data,,no_effect,,no_effect,,no_data,,no_data,,no_data,,no_data,
SAC:parathyroid gland,no_effect,,Neg,0.0,0,1,no_data,,no_data,,no_data,,no_data,,no_data,,no_data,,no_data,,no_data,,no_data,,no_effect,,no_effect,,no_data,,no_data,,no_data,,no_data,
SAC:pituitary gland,no_effect,,Neg,0.0,0,1,no_data,,no_data,,no_data,,no_data,,no_data,,no_data,,no_data,,no_data,,no_data,,no_effect,,no_effect,,no_data,,no_data,,no_data,,no_data,
SAC:platelet,pos_effect,,Pos,1.0,0,1,no_data,,no_data,,no_data,,no_data,,no_data,,no_data,,no_data,,160.0,mg/kg/day,no_data,,no_data,,no_data,,no_data,,no_data,,no_data,,no_data,
SAC:potassium,no_effect,,Neg,0.0,0,1,no_data,,no_data,,no_data,,no_data,,no_data,,no_data,,no_data,,no_effect,,no_data,,no_data,,no_data,,no_data,,no_data,,no_data,,no_data,
SAC:preputial gland,no_effect,,Neg,0.0,0,1,no_data,,no_data,,no_data,,no_data,,no_data,,no_data,,no_data,,no_data,,no_data,,no_effect,,no_effect,,no_data,,no_data,,no_data,,no_data,
SAC:prostate,no_effect,,Neg,0.0,0,1,no_data,,no_data,,no_data,,no_data,,no_data,,no_data,,no_data,,no_effect,,no_data,,no_effect,,no_effect,,no_data,,no_data,,no_data,,no_data,
SAC:protein,no_effect,,Neg,0.0,0,1,no_data,,no_data,,no_data,,no_data,,no_data,,no_data,,no_data,,no_effect,,no_data,,no_data,,no_data,,no_data,,no_data,,no_data,,no_data,
SAC:salivary glands,no_effect,,Neg,0.0,0,1,no_data,,no_data,,no_data,,no_data,,no_data,,no_data,,no_data,,no_data,,no_data,,no_effect,,no_effect,,no_data,,no_data,,no_data,,no_data,
SAC:seminal vesicle,no_effect,,Neg,0.0,0,1,no_data,,no_data,,no_data,,no_data,,no_data,,no_data,,no_data,,no_effect,,no_data,,no_effect,,no_effect,,no_data,,no_data,,no_data,,no_data,
SAC:skeletal muscle,no_effect,,Neg,0.0,0,1,no_data,,no_data,,no_data,,no_data,,no_data,,no_data,,no_data,,no_data,,no_data,,no_effect,,no_effect,,no_data,,no_data,,no_data,,no_data,
SAC:skin,no_effect,,Neg,0.343,0.0,0.665,no_data,,no_data,,no_data,,no_data,,no_data,,no_data,,no_data,,40.0,mg/kg/day,no_data,,no_effect,,no_effect,,no_data,,no_data,,no_data,,no_data,
SAC:sodium,no_effect,,Neg,0.0,0,1,no_data,,no_data,,no_data,,no_data,,no_data,,no_data,,no_data,,no_effect,,no_data,,no_data,,no_data,,no_data,,no_data,,no_data,,no_data,
SAC:spinal cord,no_effect,,Neg,0.0,0,1,no_data,,no_data,,no_data,,no_data,,no_data,,no_data,,no_data,,no_effect,,no_data,,no_data,,no_data,,no_data,,no_data,,no_data,,no_data,
SAC:spleen,no_effect,,Neg,0.0,0,1,no_data,,no_data,,no_data,,no_data,,no_data,,no_data,,no_data,,no_effect,,no_data,,no_effect,,no_effect,,no_data,,no_data,,no_data,,no_data,
SAC:stomach,no_effect,,Neg,0.0,0,1,no_data,,no_data,,no_data,,no_data,,no_data,,no_data,,no_data,,no_effect,,no_data,,no_effect,,no_effect,,no_data,,no_data,,no_data,,no_data,
SAC:testes,no_effect,,Neg,0.0,0,1,no_data,,no_data,,no_data,,no_data,,no_data,,no_data,,no_data,,no_effect,,no_data,,no_effect,,no_effect,,no_data,,no_data,,no_data,,no_data,
SAC:thymus,no_effect,,Neg,0.0,0,1,no_data,,no_data,,no_data,,no_data,,no_data,,no_data,,no_data,,no_effect,,no_data,,no_effect,,no_effect,,no_data,,no_data,,no_data,,no_data,
SAC:thyroid gland,no_effect,,Neg,0.0,0,1,no_data,,no_data,,no_data,,no_data,,no_data,,no_data,,no_data,,no_effect,,no_data,,no_effect,,no_effect,,no_data,,no_data,,no_data,,no_data,
SAC:tongue,no_effect,,Neg,0.0,0,1,no_data,,no_data,,no_data,,no_data,,no_data,,no_data,,no_data,,no_data,,no_data,,no_effect,,no_effect,,no_data,,no_data,,no_data,,no_data,
SAC:trachea,no_effect,,Neg,0.0,0,1,no_data,,no_data,,no_data,,no_data,,no_data,,no_data,,no_data,,no_effect,,no_data,,no_effect,,no_effect,,no_data,,no_data,,no_data,,no_data,
SAC:urea nitrogen,no_effect,,Neg,0.0,0,1,no_data,,no_data,,no_data,,no_data,,no_data,,no_data,,no_data,,no_effect,,no_data,,no_data,,no_data,,no_data,,no_data,,no_data,,no_data,
SAC:urinary bladder,no_effect,,Neg,0.0,0,1,no_data,,no_data,,no_data,,no_data,,no_data,,no_data,,no_data,,no_effect,,no_data,,no_effect,,no_effect,,no_data,,no_data,,no_data,,no_data,
SAC:uterus,no_effect,,Neg,0.0,0,1,no_data,,no_data,,no_data,,no_data,,no_data,,no_data,,no_data,,no_effect,,no_data,,no_effect,,no_effect,,no_data,,no_data,,no_data,,no_data,
SAC:vagina,no_effect,,Neg,0.0,0,1,no_data,,no_data,,no_data,,no_data,,no_data,,no_data,,no_data,,no_data,,no_data,,no_effect,,no_effect,,no_data,,no_data,,no_data,,no_data,
SUB:5' nucleotidase,pos_effect,,Pos,1.0,0,1,no_data,,no_data,,no_data,,no_data,,no_data,,no_data,,no_data,,no_data,,no_data,,no_data,,no_data,,no_data,,no_data,,no_data,,1663.0,mg/kg/day
SUB:[other],pos_effect,,Pos,1.0,0,1,no_data,,no_data,,no_data,,no_data,,no_data,,no_data,,no_data,,no_data,,no_data,,no_data,,1.25,mg/kg/day,no_data,,no_data,,no_data,,no_data,
SUB:adrenal gland,no_effect,,Neg,0.12,0.0,0.99,no_effect,,no_effect,,580.0,mg/kg/day,no_effect,,no_data,,no_data,,no_data,,no_data,,no_effect,,no_effect,,no_effect,,803.0,mg/kg/day,no_effect,,no_effect,,no_effect,
SUB:alanine aminotransferase (alt/sgpt),no_effect,,Neg,0.244,0.0,0.93,no_effect,,75.0,mg/kg/day,no_data,,no_effect,,no_data,,no_data,,no_data,,no_data,,no_data,,no_effect,,1.25,mg/kg/day,no_data,,no_data,,no_data,,3205.0,mg/kg/day
SUB:albumin,no_effect,,Neg,0.153,0.0,0.94,no_effect,,no_effect,,500.0,mg/kg/day,no_effect,,no_data,,no_data,,no_data,,no_data,,no_data,,no_effect,,no_data,,616.0,mg/kg/day,no_data,,no_data,,no_effect,
SUB:albumin-globulin ratio,pos_effect,,Pos,1.0,0,1,no_data,,no_data,,no_data,,no_data,,no_data,,no_data,,no_data,,no_data,,no_data,,no_data,,no_data,,131.0,mg/kg/day,no_data,,no_data,,no_data,
SUB:alkaline phosphatase (alp/alk),no_effect,,Neg,0.172,0.0,0.955,no_effect,,37.5,mg/kg/day,no_data,,no_effect,,no_data,,no_data,,no_data,,no_data,,no_data,,no_effect,,no_data,,18.95,mg/kg/day,no_data,,no_data,,no_effect,
SUB:appearance and color,no_effect,,Neg,0.0,0,1,no_data,,no_data,,no_data,,no_data,,no_data,,no_data,,no_data,,no_data,,no_effect,,no_data,,no_data,,no_effect,,no_data,,no_data,,no_data,
SUB:aspartate aminotransferase (ast/sgot),pos_effect,,Pos,1.0,0,1,no_data,,no_data,,no_data,,no_data,,no_data,,no_data,,no_data,,no_data,,no_data,,no_data,,1.25,mg/kg/day,no_data,,no_data,,no_data,,no_data,
SUB:bile acids,no_effect,,Neg,0.184,0.0,0.9,no_effect,,9.375,mg/kg/day,no_data,,no_effect,,no_data,,no_data,,no_data,,no_data,,no_data,,no_effect,,no_data,,no_data,,no_data,,no_data,,1021.0,mg/kg/day
SUB:bilirubin,pos_effect,,Pos,1.0,0,1,no_data,,no_data,,no_data,,no_data,,no_data,,no_data,,no_data,,no_data,,no_data,,no_data,,no_data,,140.0,mg/kg/day,no_data,,no_data,,no_data,
SUB:blood clotting,pos_effect,,Pos,1.0,0,1,no_data,,no_data,,no_data,,no_data,,no_data,,no_data,,no_data,,no_data,,no_data,,no_data,,no_data,,18.95,mg/kg/day,no_data,,no_data,,no_data,
SUB:body weight,pos_effect,,Pos,0.783,0.0,0.995,600.0,mg/kg/day,75.0,mg/kg/day,580.0,mg/kg/day,5.0,mg/kg/day,no_data,,no_data,,no_data,,no_data,,no_effect,,no_effect,,no_effect,,131.0,mg/kg/day,no_effect,,150.0,mg/kg/day,199.0,mg/kg/day
SUB:bone,no_effect,,Neg,0.0,0,1,no_effect,,no_effect,,no_data,,no_effect,,no_data,,no_data,,no_data,,no_data,,no_data,,no_effect,,no_data,,no_data,,no_data,,no_data,,no_effect,
SUB:bone marrow,no_effect,,Neg,0.415,0.0,0.995,no_data,,37.5,mg/kg/day,500.0,mg/kg/day,no_data,,no_data,,no_data,,no_data,,no_data,,no_effect,,no_data,,no_effect,,no_effect,,no_effect,,no_effect,,1021.0,mg/kg/day
SUB:brain,no_effect,,Neg,0.116,0.0,0.985,no_effect,,no_effect,,no_effect,,15.0,mg/kg/day,no_data,,no_data,,no_data,,no_data,,no_effect,,no_effect,,no_effect,,no_effect,,no_effect,,150.0,mg/kg/day,no_effect,
SUB:calcium,pos_effect,,Pos,1.0,0,1,no_data,,no_data,,no_data,,no_data,,no_data,,no_data,,no_data,,no_data,,no_data,,no_data,,no_data,,3.52,mg/kg/day,no_data,,no_data,,no_data,
SUB:cholesterol,no_effect,,Neg,0.254,0.0,0.995,no_effect,,no_effect,,500.0,mg/kg/day,no_effect,,no_data,,no_data,,no_data,,no_data,,no_data,,no_effect,,1.25,mg/kg/day,3.24,mg/kg/day,57.9,mg/kg/day,no_data,,no_effect,
SUB:clinical signs,pos_effect,,Pos,0.771,0.0,0.995,1000.0,mg/kg/day,no_effect,,50.0,mg/kg/day,5.0,mg/kg/day,no_data,,no_data,,no_data,,no_data,,400.0,mg/kg/day,1000.0,mg/kg/day,no_effect,,131.0,mg/kg/day,no_effect,,no_effect,,2723.0,mg/kg/day
SUB:clitoral gland,no_effect,,Neg,0.0,0,1,no_effect,,no_effect,,no_data,,no_effect,,no_data,,no_data,,no_data,,no_data,,no_data,,no_effect,,no_data,,no_data,,no_data,,no_data,,no_effect,
SUB:creatine phosphokinase,no_effect,,Neg,0.0,0,1,no_effect,,no_effect,,no_data,,no_effect,,no_data,,no_data,,no_data,,no_data,,no_data,,no_effect,,no_data,,no_data,,no_data,,no_data,,no_effect,
SUB:creatinine,no_effect,,Neg,0.153,0.0,0.95,no_effect,,no_effect,,500.0,mg/kg/day,no_effect,,no_data,,no_data,,no_data,,no_data,,no_data,,no_effect,,no_data,,140.0,mg/kg/day,no_data,,no_data,,no_effect,
SUB:ear,no_effect,,Neg,0.0,0,1,no_data,,no_data,,no_effect,,no_data,,no_data,,no_data,,no_data,,no_data,,no_effect,,no_data,,no_effect,,no_effect,,no_effect,,no_effect,,no_data,
SUB:eosinophils,pos_effect,,Pos,1.0,0,1,no_data,,no_data,,no_data,,no_data,,no_data,,no_data,,no_data,,no_data,,no_data,,no_data,,no_data,,809.7,mg/kg/day,no_data,,no_data,,no_data,
SUB:epididymis,no_effect,,Neg,0.117,0.0,0.98,no_effect,,no_effect,,no_effect,,500.0,mg/kg/day,no_data,,no_data,,no_data,,no_data,,no_effect,,no_effect,,no_effect,,536.0,mg/kg/day,no_effect,,no_effect,,no_effect,
SUB:erythrocyte (rbc) count differential,no_effect,,Neg,0.261,0.0,0.945,no_effect,,18.75,mg/kg/day,no_data,,500.0,mg/kg/day,no_data,,no_data,,no_data,,no_data,,no_data,,no_effect,,no_data,,536.0,mg/kg/day,no_data,,no_data,,no_effect,
SUB:esophagus,no_effect,,Neg,0.0,0,1,no_effect,,no_effect,,no_effect,,no_effect,,no_data,,no_data,,no_data,,no_data,,no_effect,,no_effect,,no_effect,,no_effect,,no_effect,,no_effect,,no_effect,
SUB:estrous cycle,pos_effect,,Pos,1.0,0,1,no_data,,no_data,,no_data,,5.0,mg/kg/day,no_data,,no_data,,no_data,,no_data,,no_data,,no_data,,no_data,,no_data,,no_data,,no_data,,129.0,mg/kg/day
SUB:eye,no_effect,,Neg,0.0,0,1,no_effect,,no_effect,,no_effect,,no_effect,,no_data,,no_data,,no_data,,no_data,,no_effect,,no_effect,,no_effect,,no_effect,,no_effect,,no_effect,,no_effect,
SUB:food consumption,pos_effect,,Pos,0.524,0.125,0.95,no_data,,no_data,,580.0,mg/kg/day,5.0,mg/kg/day,no_data,,no_data,,no_data,,no_data,,no_effect,,no_data,,no_effect,,559.66,mg/kg/day,no_effect,,no_effect,,2024.0,mg/kg/day
SUB:full gross necropsy,no_effect,,Neg,0.0,0,1,no_effect,,no_effect,,no_effect,,no_effect,,no_data,,no_data,,no_data,,no_data,,no_effect,,no_effect,,no_effect,,no_effect,,no_effect,,no_effect,,no_effect,
SUB:gallbladder,no_effect,,Neg,0.0,0,1,no_effect,,no_effect,,no_data,,no_effect,,no_data,,no_data,,no_data,,no_data,,no_effect,,no_effect,,no_data,,no_effect,,no_data,,no_data,,no_effect,
SUB:gamma glutamyl transferase (ggt),pos_effect,,Pos,1.0,0,1,no_data,,150.0,mg/kg/day,no_data,,no_data,,no_data,,no_data,,no_data,,no_data,,no_data,,no_data,,no_data,,536.0,mg/kg/day,no_data,,no_data,,no_data,
SUB:gamma glutamyl transpeptides (gtp),pos_effect,,Pos,1.0,0,1,no_data,,no_data,,no_data,,no_data,,no_data,,no_data,,no_data,,no_data,,no_data,,no_data,,no_data,,803.0,mg/kg/day,no_data,,no_data,,no_data,
SUB:globulins,pos_effect,,Pos,1.0,0,1,no_data,,no_data,,no_data,,no_data,,no_data,,no_data,,no_data,,no_data,,no_data,,no_data,,no_data,,131.0,mg/kg/day,no_data,,no_data,,no_data,
SUB:glucose,no_effect,,Neg,0.068,0.0,0.885,no_effect,,no_effect,,no_data,,no_effect,,no_data,,no_data,,no_data,,no_data,,no_effect,,no_effect,,no_data,,809.7,mg/kg/day,no_data,,no_data,,no_effect,
SUB:glutamate dehydrogenase,pos_effect,,Pos,1.0,0,1,no_data,,no_data,,no_data,,no_data,,no_data,,no_data,,no_data,,no_data,,no_data,,no_data,,no_data,,616.0,mg/kg/day,no_data,,no_data,,no_data,
SUB:harderian gland,no_effect,,Neg,0.0,0,1,no_effect,,no_effect,,no_data,,no_effect,,no_data,,no_data,,no_data,,no_data,,no_data,,no_effect,,no_data,,no_data,,no_data,,no_data,,no_effect,
SUB:heart,no_effect,,Neg,0.24,0.0,1.0,no_effect,,150.0,mg/kg/day,no_effect,,15.0,mg/kg/day,no_data,,no_data,,no_data,,no_data,,no_effect,,no_effect,,no_effect,,803.0,mg/kg/day,178.0,mg/kg/day,no_effect,,no_effect,
SUB:hematocrit (hct),no_effect,,Neg,0.261,0.0,0.98,no_effect,,37.5,mg/kg/day,no_data,,500.0,mg/kg/day,no_data,,no_data,,no_data,,no_data,,no_data,,no_effect,,no_data,,536.0,mg/kg/day,no_data,,no_data,,no_effect,
SUB:hemoglobin (hgb),no_effect,,Neg,0.324,0.0,0.975,no_effect,,37.5,mg/kg/day,3.55,mg/kg/day,500.0,mg/kg/day,no_data,,no_data,,no_data,,no_data,,no_data,,no_effect,,no_data,,536.0,mg/kg/day,no_data,,no_data,,no_effect,
SUB:intestine large,no_effect,,Neg,0.0,0,1,no_effect,,no_effect,,no_effect,,no_effect,,no_data,,no_data,,no_data,,no_data,,no_effect,,no_effect,,no_effect,,no_effect,,no_effect,,no_effect,,no_effect,
SUB:intestine small,no_effect,,Neg,0.0,0,1,no_effect,,no_effect,,no_effect,,no_effect,,no_data,,no_data,,no_data,,no_data,,no_effect,,no_effect,,no_effect,,no_effect,,no_effect,,no_effect,,no_effect,
SUB:ketones,pos_effect,,Pos,1.0,0,1,no_data,,no_data,,no_data,,no_data,,no_data,,no_data,,no_data,,no_data,,no_data,,no_data,,no_data,,no_data,,no_data,,223.0,mg/kg/day,no_data,
SUB:kidney,pos_effect,,Pos,0.892,0.0,0.98,150.0,mg/kg/day,9.375,mg/kg/day,30.0,mg/kg/day,15.0,mg/kg/day,no_data,,no_data,,no_data,,no_data,,400.0,mg/kg/day,no_effect,,no_effect,,18.95,mg/kg/day,57.9,mg/kg/day,50.0,mg/kg/day,1017.0,mg/kg/day
SUB:lactic acid dehydrogenase (ldh),pos_effect,,Pos,1.0,0,1,no_data,,no_data,,no_data,,no_data,,no_data,,no_data,,no_data,,no_data,,no_data,,no_data,,3.125,mg/kg/day,no_data,,no_data,,no_data,,no_data,
SUB:larynx,no_effect,,Neg,0.0,0,1,no_effect,,no_effect,,no_effect,,no_effect,,no_data,,no_data,,no_data,,no_data,,no_effect,,no_effect,,no_effect,,no_effect,,no_effect,,no_effect,,no_effect,
SUB:leukocyte (wbc) count differential,no_effect,,Neg,0.074,0.0,0.8,no_effect,,no_effect,,no_data,,no_effect,,no_data,,no_data,,no_data,,no_data,,no_data,,no_effect,,no_data,,616.0,mg/kg/day,no_data,,no_data,,no_effect,
SUB:lipids,pos_effect,,Pos,1.0,0,1,no_data,,no_data,,no_data,,no_data,,no_data,,no_data,,no_data,,no_data,,no_data,,no_data,,no_data,,3.24,mg/kg/day,no_data,,no_data,,no_data,
SUB:liver,no_effect,,Neg,0.464,0.0,1.0,no_effect,,18.75,mg/kg/day,50.0,mg/kg/day,150.0,mg/kg/day,no_data,,no_data,,no_data,,no_data,,no_effect,,no_effect,,1.25,mg/kg/day,18.95,mg/kg/day,17.1,mg/kg/day,150.0,mg/kg/day,199.0,mg/kg/day
SUB:lung,no_effect,,Neg,0.071,0.0,0.92,no_effect,,150.0,mg/kg/day,no_effect,,no_effect,,no_data,,no_data,,no_data,,no_data,,no_effect,,no_effect,,no_effect,,no_effect,,no_effect,,no_effect,,no_effect,
SUB:lymph node,no_effect,,Neg,0.0,0,1,no_data,,no_data,,no_effect,,no_data,,no_data,,no_data,,no_data,,no_data,,no_effect,,no_data,,no_effect,,no_effect,,no_effect,,no_effect,,no_data,
SUB:lymphocyte,pos_effect,,Pos,1.0,0,1,no_data,,no_data,,no_data,,no_data,,no_data,,no_data,,no_data,,no_data,,no_data,,no_data,,no_data,,803.0,mg/kg/day,no_data,,no_data,,no_data,
SUB:mammary gland,no_effect,,Neg,0.0,0,1,no_effect,,no_effect,,no_effect,,no_effect,,no_data,,no_data,,no_data,,no_data,,no_effect,,no_effect,,no_effect,,no_effect,,no_effect,,no_effect,,no_effect,
SUB:mean corpuscular (cell) volume (mcv),no_effect,,Neg,0.0,0,1,no_effect,,no_effect,,no_data,,no_effect,,no_data,,no_data,,no_data,,no_data,,no_data,,no_effect,,no_data,,no_data,,no_data,,no_data,,no_effect,
SUB:mean corpuscular hemoglobin (mch),no_effect,,Neg,0.096,0.0,0.825,no_effect,,no_effect,,no_data,,500.0,mg/kg/day,no_data,,no_data,,no_data,,no_data,,no_data,,no_effect,,no_data,,no_data,,no_data,,no_data,,no_effect,
SUB:mean corpuscular hemoglobin concentration (mchc),no_effect,,Neg,0.0,0,1,no_effect,,no_effect,,no_data,,no_effect,,no_data,,no_data,,no_data,,no_data,,no_data,,no_effect,,no_data,,no_data,,no_data,,no_data,,no_effect,
SUB:mortality,pos_effect,,Pos,0.596,0.035714285714285726,0.995,2000.0,mg/kg/day,no_effect,,no_effect,,15.0,mg/kg/day,no_data,,no_data,,no_data,,no_data,,no_effect,,1000.0,mg/kg/day,no_effect,,536.0,mg/kg/day,no_effect,,no_effect,,no_effect,
SUB:nerve,no_effect,,Neg,0.0,0,1,no_effect,,no_effect,,no_effect,,no_effect,,no_data,,no_data,,no_data,,no_data,,no_effect,,no_effect,,no_effect,,no_effect,,no_effect,,no_effect,,no_effect,
SUB:neutrophils,pos_effect,,Pos,1.0,0,1,no_data,,150.0,mg/kg/day,no_data,,no_data,,no_data,,no_data,,no_data,,no_data,,no_data,,no_data,,no_data,,803.0,mg/kg/day,no_data,,no_data,,no_data,
SUB:nose,no_effect,,Neg,0.0,0,1,no_effect,,no_effect,,no_effect,,no_effect,,no_data,,no_data,,no_data,,no_data,,no_effect,,no_effect,,no_effect,,no_effect,,no_effect,,no_effect,,no_effect,
SUB:occult blood,no_effect,,Neg,0.0,0,1,no_data,,no_data,,no_effect,,no_data,,no_data,,no_data,,no_data,,no_data,,no_effect,,no_data,,no_data,,no_effect,,no_data,,no_data,,no_data,
SUB:ovary,no_effect,,Neg,0.187,0.0,1.0,no_effect,,150.0,mg/kg/day,no_effect,,150.0,mg/kg/day,no_data,,no_data,,no_data,,no_data,,no_effect,,no_effect,,no_effect,,803.0,mg/kg/day,no_effect,,no_effect,,no_effect,
SUB:pancreas,no_effect,,Neg,0.053,0.0,0.945,no_effect,,no_effect,,no_effect,,no_effect,,no_data,,no_data,,no_data,,no_data,,no_effect,,no_effect,,no_effect,,536.0,mg/kg/day,no_effect,,no_effect,,no_effect,
SUB:parathyroid,no_effect,,Neg,0.0,0,1,no_data,,no_data,,no_data,,no_data,,no_data,,no_data,,no_data,,no_data,,no_effect,,no_data,,no_data,,no_effect,,no_data,,no_data,,no_data,
SUB:parathyroid gland,no_effect,,Neg,0.0,0,1,no_effect,,no_effect,,no_effect,,no_effect,,no_data,,no_data,,no_data,,no_data,,no_effect,,no_effect,,no_effect,,no_effect,,no_effect,,no_effect,,no_effect,
SUB:ph,no_effect,,Neg,0.301,0.0,0.675,no_data,,no_data,,no_effect,,no_data,,no_data,,no_data,,no_data,,no_data,,no_effect,,no_data,,no_data,,616.0,mg/kg/day,no_data,,no_data,,no_data,
SUB:pharynx,no_effect,,Neg,0.0,0,1,no_data,,no_data,,no_effect,,no_data,,no_data,,no_data,,no_data,,no_data,,no_effect,,no_data,,no_effect,,no_effect,,no_effect,,no_effect,,no_data,
SUB:pituitary gland,no_effect,,Neg,0.053,0.0,0.915,no_effect,,no_effect,,no_effect,,no_effect,,no_data,,no_data,,no_data,,no_data,,no_effect,,no_effect,,no_effect,,18.95,mg/kg/day,no_effect,,no_effect,,no_effect,
SUB:platelet,no_effect,,Neg,0.172,0.0,0.895,no_effect,,75.0,mg/kg/day,no_data,,no_effect,,no_data,,no_data,,no_data,,no_data,,no_data,,no_effect,,no_data,,580.95,mg/kg/day,no_data,,no_data,,no_effect,
SUB:potassium,pos_effect,,Pos,1.0,0,1,no_data,,no_data,,no_data,,no_data,,no_data,,no_data,,no_data,,no_data,,400.0,mg/kg/day,no_data,,no_data,,616.0,mg/kg/day,no_data,,no_data,,no_data,
SUB:preputial gland,no_effect,,Neg,0.0,0,1,no_effect,,no_effect,,no_data,,no_effect,,no_data,,no_data,,no_data,,no_data,,no_data,,no_effect,,no_data,,no_data,,no_data,,no_data,,no_effect,
SUB:prostate,no_effect,,Neg,0.053,0.0,0.885,no_effect,,no_effect,,no_effect,,no_effect,,no_data,,no_data,,no_data,,no_data,,no_effect,,no_effect,,no_effect,,131.0,mg/kg/day,no_effect,,no_effect,,no_effect,
SUB:protein,no_effect,,Neg,0.143,0.0,0.98,no_effect,,no_effect,,170.0,mg/kg/day,no_effect,,no_data,,no_data,,no_data,,no_data,,no_effect,,no_effect,,no_data,,131.0,mg/kg/day,no_data,,no_data,,no_effect,
SUB:reticulocyte,no_effect,,Neg,0.106,0.0,0.79,no_effect,,18.75,mg/kg/day,no_data,,no_effect,,no_data,,no_data,,no_data,,no_data,,no_data,,no_effect,,no_data,,no_data,,no_data,,no_data,,no_effect,
SUB:salivary glands,no_effect,,Neg,0.0,0,1,no_effect,,no_effect,,no_effect,,no_effect,,no_data,,no_data,,no_data,,no_data,,no_effect,,no_effect,,no_effect,,no_effect,,no_effect,,no_effect,,no_effect,
SUB:seminal vesicle,no_effect,,Neg,0.053,0.0,0.88,no_effect,,no_effect,,no_effect,,no_effect,,no_data,,no_data,,no_data,,no_data,,no_effect,,no_effect,,no_effect,,131.0,mg/kg/day,no_effect,,no_effect,,no_effect,
SUB:skeletal muscle,no_effect,,Neg,0.0,0,1,no_effect,,no_effect,,no_data,,no_effect,,no_data,,no_data,,no_data,,no_data,,no_data,,no_effect,,no_data,,no_data,,no_data,,no_data,,no_effect,
SUB:skin,no_effect,,Neg,0.0,0,1,no_effect,,no_effect,,no_effect,,no_effect,,no_data,,no_data,,no_data,,no_data,,no_effect,,no_effect,,no_effect,,no_effect,,no_effect,,no_effect,,no_effect,
SUB:sorbitol dehydrogenase,no_effect,,Neg,0.0,0,1,no_effect,,no_effect,,no_data,,no_effect,,no_data,,no_data,,no_data,,no_data,,no_data,,no_effect,,no_data,,no_data,,no_data,,no_data,,no_effect,
SUB:specific gravity/osmolality,pos_effect,,Pos,0.514,0.0,0.515,no_data,,no_data,,no_data,,no_data,,no_data,,no_data,,no_data,,no_data,,2000.0,mg/kg/day,no_data,,no_data,,no_effect,,no_data,,no_data,,no_data,
SUB:sperm measure,pos_effect,,Pos,1.0,0,1,no_data,,no_data,,no_data,,500.0,mg/kg/day,no_data,,no_data,,no_data,,no_data,,no_data,,no_data,,no_data,,no_data,,no_data,,no_data,,no_data,
SUB:spinal cord,no_effect,,Neg,0.0,0,1,no_data,,no_data,,no_effect,,no_data,,no_data,,no_data,,no_data,,no_data,,no_effect,,no_data,,no_effect,,no_effect,,no_effect,,no_effect,,no_data,
SUB:spleen,no_effect,,Neg,0.173,0.0,0.995,no_effect,,no_effect,,500.0,mg/kg/day,no_effect,,no_data,,no_data,,no_data,,no_data,,no_effect,,no_effect,,no_effect,,22.1,mg/kg/day,214.0,mg/kg/day,no_effect,,no_effect,
SUB:stomach,no_effect,,Neg,0.231,0.0,1.0,no_effect,,75.0,mg/kg/day,no_effect,,no_effect,,no_data,,no_data,,no_data,,no_data,,734.0,mg/kg/day,no_effect,,no_effect,,no_effect,,no_effect,,150.0,mg/kg/day,2723.0,mg/kg/day
SUB:testes,no_effect,,Neg,0.274,0.0,0.995,no_effect,,no_effect,,no_effect,,150.0,mg/kg/day,no_data,,no_data,,no_data,,no_data,,no_effect,,no_effect,,no_effect,,536.0,mg/kg/day,178.0,mg/kg/day,150.0,mg/kg/day,2028.0,mg/kg/day
SUB:thymus,no_effect,,Neg,0.122,0.0,0.975,no_effect,,75.0,mg/kg/day,no_effect,,no_effect,,no_data,,no_data,,no_data,,no_data,,no_effect,,no_effect,,no_effect,,no_effect,,no_effect,,no_effect,,1017.0,mg/kg/day
SUB:thyroid gland,no_effect,,Neg,0.12,0.0,0.985,no_effect,,no_effect,,500.0,mg/kg/day,no_effect,,no_data,,no_data,,no_data,,no_data,,no_effect,,no_effect,,no_effect,,18.95,mg/kg/day,no_effect,,no_effect,,no_effect,
SUB:tongue,no_effect,,Neg,0.0,0,1,no_effect,,no_effect,,no_data,,no_effect,,no_data,,no_data,,no_data,,no_data,,no_data,,no_effect,,no_data,,no_data,,no_data,,no_data,,no_effect,
SUB:trachea,no_effect,,Neg,0.0,0,1,no_effect,,no_effect,,no_effect,,no_effect,,no_data,,no_data,,no_data,,no_data,,no_effect,,no_effect,,no_effect,,no_effect,,no_effect,,no_effect,,no_effect,
SUB:triglycerides,no_effect,,Neg,0.074,0.0,0.85,no_effect,,no_effect,,no_data,,no_effect,,no_data,,no_data,,no_data,,no_data,,no_data,,no_effect,,1.25,mg/kg/day,no_data,,no_data,,no_data,,no_effect,
SUB:urea nitrogen,no_effect,,Neg,0.153,0.0,0.96,no_effect,,no_effect,,3.55,mg/kg/day,no_effect,,no_data,,no_data,,no_data,,no_data,,no_data,,no_effect,,no_data,,536.0,mg/kg/day,no_data,,no_data,,no_effect,
SUB:urinary bladder,no_effect,,Neg,0.0,0,1,no_effect,,no_effect,,no_effect,,no_effect,,no_data,,no_data,,no_data,,no_data,,no_effect,,no_effect,,no_effect,,no_effect,,no_effect,,no_effect,,no_effect,
SUB:uterus,no_effect,,Neg,0.064,0.0,0.895,no_effect,,no_effect,,no_effect,,50.0,mg/kg/day,no_data,,no_data,,no_data,,no_data,,no_effect,,no_effect,,no_effect,,no_effect,,no_effect,,no_effect,,no_effect,
SUB:vagina,no_effect,,Neg,0.0,0,1,no_effect,,no_effect,,no_data,,no_effect,,no_data,,no_data,,no_data,,no_data,,no_data,,no_effect,,no_data,,no_data,,no_data,,no_data,,no_effect,
SUB:volume,no_effect,,Neg,0.318,0.0,0.69,no_data,,no_data,,no_effect,,no_data,,no_data,,no_data,,no_data,,no_data,,2000.0,mg/kg/day,no_data,,no_data,,no_effect,,no_data,,no_data,,no_data,
